A GRAZ109;Austria;FH JOANNEUM GESELLSCHAFT MBH;W9;Mechaniczno-Energetyczny;true;;false;;false;;"(2,6)";0520;Engineering and engineering trades;;02.07.2014;30.09.2021
A GRAZ109;Austria;FH JOANNEUM GESELLSCHAFT MBH;W10;Mechaniczny;true;;false;;false;;"(2,5)";0525;Motor vehicles, ships and aircraft;;02.07.2014;30.09.2021
A WELS01;Austria;UNIVERSITY OF APPLIED SCIENCES UPPER AUSTRIA;W4N;Informatyki i Telekomunikacji;true;;true;;false;;"(2,5)";0481;Computer science;;21.03.2014;30.09.2021
B ANTWERP01;Belgia;UNIVERSITEIT ANTWERPEN;W3;Chemiczny;true;;true;;false;;"(2,10)";0711;Chemical engineering and processes;;03.04.2014;30.09.2021
B ANTWERP01;Belgia;UNIVERSITEIT ANTWERPEN;W12N;Elektroniki Fotoniki i Mikrosystemów;true;;true;;false;;"(1,5)";0714;Electronics and automation;;03.04.2014;30.09.2021
B ANTWERP01;Belgia;UNIVERSITEIT ANTWERPEN;W10;Mechaniczny;true;;true;;false;;"(2,10)";0715;Mechanics and metal trades;;03.04.2014;30.09.2021
B ANTWERP59;Belgia;KAREL DE GROTE HOGESCHOOL;W8N;Zarządzania;true;;true;;false;;"(2,5)";0340;Business and Administration;;17.02.2017;30.09.2021
B DIEPENB01;Belgia;UNIVERSITEIT HASSELT;W3;Chemiczny;true;;false;;true;;"(2,10)";0442;Chemistry;;18.11.2015;30.09.2021
B MONS21;Belgia;Université de Mons;W11;Podstawowych Problemów Techniki;false;;true;;false;;"(2,4)";0710;Engineering and engineering trades;;09.10.2015;30.09.2021
B MONS21;Belgia;Université de Mons;W1;Architektury;true;;true;;false;;"(1,10)";0730;Architecture and construction;;09.10.2015;30.09.2021
BG GABROVO01;Bułgaria;TEHNITSCHESKI UNIVERSITET GABROVO;W4N;Informatyki i Telekomunikacji;true;;true;;true;;"(4,5)";0481;Computer science;;01.01.2014;30.09.2021
BG GABROVO01;Bułgaria;TEHNITSCHESKI UNIVERSITET GABROVO;W4N;Informatyki i Telekomunikacji;true;;true;;false;;"(2,10)";0481;Computer science;;01.01.2014;30.09.2021
BG SOFIA06;Bułgaria;SOFIA UNIVERSITY SV. KLIMENT OHRIDSKI;W3;Chemiczny;true;;true;;true;;"(3,10)";0421;Biology and biochemistry;;22.01.2015;30.09.2021
BG SOFIA20;Bułgaria;SOFIA UNIVERSITY OF CGEMICAL TECHNOLOGY AND METALLURGY;W3;Chemiczny;true;;true;;false;;"(2,5)";0511;Biology;;12.11.2014;30.09.2021
BG SOFIA20;Bułgaria;SOFIA UNIVERSITY OF CHEMICAL TECHNOLOGY AND METALLURGY;W3;Chemiczny;true;;true;;false;;"(2,5)";0711;Chemical engineering and processes;;12.11.2014;30.09.2021
BG VARNA02;Bułgaria;TEHNICHESKI UNIVERSITET-VARNA;W4N;Informatyki i Telekomunikacji;true;;true;;false;;"(2,10)";0481;Computer science;;04.07.2015;30.09.2021
BG VARNA02;Bułgaria;TEHNICHESKI UNIVERSITET-VARNA;W4N;Informatyki i Telekomunikacji;true;;true;;false;;"(3,5)";0481;Computer science;;07.12.2015;30.09.2021
BG VARNA02;Bułgaria;TEHNICHESKI UNIVERSITET-VARNA;W10;Mechaniczny;true;;true;;false;;"(2,10)";0521;Mechanics and metal work;;04.07.2015;30.09.2021
CZ BRNO01;Czechy;BRNO UNIVERSITY OF TECHNOLOGY (BUT);W5;Elektryczny;true;;true;;true;;"(1,10)";0713;Electricity and energy;;13.01.2014;30.09.2021
CZ BRNO01;Czechy;BRNO UNIVERSITY OF TECHNOLOGY (BUT);W12N;Elektroniki Fotoniki i Mikrosystemów;true;;true;;true;;"(1,10)";0714;Electronics and automation;;13.01.2014;30.09.2021
CZ BRNO01;Czechy;BRNO UNIVERSITY OF TECHNOLOGY (BUT);W10;Mechaniczny;true;;true;;true;;"(2,10)";0710;Engineering and engineering trades;;25.05.2017;30.09.2021
CZ BRNO10;Czechy;UNIVERZITA OBRANY;W10;Mechaniczny;true;;true;;true;;"(1,5)";0700;Engineering, manufacturing and construction;;22.07.2014;30.09.2021
CZ HRADEC01;Czechy;UNIVERZITA  HRADEC KRÁLOVÉ;W4N;Informatyki i Telekomunikacji;true;;true;;false;;"(1,5)";0610;Information and communication technologies - ICT;;29.01.2014;30.09.2021
CZ HRADEC01;Czechy;UNIVERZITA  HRADEC KRÁLOVÉ;W8N;Zarządzania;true;;true;;false;;"(1,5)";0410;Business and Administration;;29.01.2014;30.09.2021
CZ LIBEREC01;Czechy;TECHNICKA UNIVERZITA  V LIBERCI;W10;Mechaniczny;true;;true;;false;;"(4,5)";0710;Engineering and engineering trades;;29.01.2014;30.09.2021
CZ OSTRAVA01;Czechy;VYSOKA SKOLA BANSKA - TECHNICKA UNIVERZITA OSTRAVA;W5;Elektryczny;true;;true;;true;;"(1,6)";0522;Electricity and energy;;15.01.2014;30.09.2021
CZ OSTRAVA01;Czechy;VYSOKA SKOLA BANSKA - TECHNICKA UNIVERZITA OSTRAVA;W9;Mechaniczno-Energetyczny;true;;true;;true;;"(1,6)";0522;Electricity and energy;;15.01.2014;30.09.2021
D AACHEN01;Niemcy;RHEINISCH-WESTFÄLISCHE TECHNISCHE HOCHSCHULE AACHEN;W13;Matematyki;false;;true;;true;;"(2,10)";0461;Mathematics;;01.01.2014;30.09.2021
D AACHEN01;Niemcy;RHEINISCH-WESTFÄLISCHE TECHNISCHE HOCHSCHULE AACHEN;W6;Geoinżynierii, Górnictwa i Geologii;false;;true;;false;;"(1,10)";0520;Engineering and engineering trades;;14.03.2014;30.09.2021
D AACHEN01;Niemcy;RHEINISCH-WESTFÄLISCHE TECHNISCHE HOCHSCHULE AACHEN;W10;Mechaniczny;true;;true;;false;;"(4,10)";0521;Mechanics and metal work;;01.01.2014;30.09.2021
D AACHEN01;Niemcy;RHEINISCH-WESTFÄLISCHE TECHNISCHE HOCHSCHULE AACHEN;W5;Elektryczny;true;;true;;false;;"(3,10)";0713;Electricity and energy;;10.07.2017;30.09.2021
D BERLIN04;Niemcy;BEUTH HOCHSCHULE FUR TECHNIK;W8N;Zarządzania;true;;true;;false;;"(2,6)";0345;Management and administration;;12.01.2015;30.09.2021
D BERLIN13;Niemcy;HUMBOLDT-UNIVERSITÄT ZU BERLIN;W8N;Zarządzania;true;;true;;true;;"(1,5)";0340;Business and Administration;;10.01.2014;30.09.2021
D BERLIN21;Niemcy;SRH HOCHSCHULE BERLIN;W8N;Zarządzania;true;;true;;false;;"(3,5)";0410;Business and Administration;;15.09.2014;30.09.2022
D BIELEFE01;Niemcy;UNIVERSITÄT BIELEFELD;W3;Chemiczny;true;;true;;true;;"(2,6)";0442;Chemistry;;06.02.2014;30.09.2021
D BIELEFE02;Niemcy;FACHHOCHSCHULE BIELEFELD;W4N;Informatyki i Telekomunikacji;true;;true;;true;;"(2,10)";0610;Information and communication technologies - ICT;;22.09.2014;30.09.2022
D BIELEFE02;Niemcy;FACHHOCHSCHULE BIELEFELD;W5;Elektryczny;true;;true;;false;;"(2,10)";0522;Electricity and energy;;25.04.2017;30.09.2021
D BRAUNSC01;Niemcy;TECHNISCHE UNIVERSITAT BRAUNSCHWEIG;W10;Mechaniczny;true;;true;;true;;"(2,10)";0520;Engineering and engineering trades;;21.11.2017;30.09.2021
D BREMEN04;Niemcy;HOCHSCHULE BREMEN;W10;Mechaniczny;true;;true;;false;;"(1,6)";0530;Physical sciences;;15.08.2014;30.09.2021
D CLAUSTH01;Niemcy;TECHNISCHE UNIVERSITÄT CLAUSTHAL;W9;Mechaniczno-Energetyczny;true;;true;;true;;"(2,10)";0521;Mechanics and metal work;;22.01.2014;30.09.2021
D COTTBUS03;Niemcy;BRANDENBURGISCHE TECHNISCHE UNIVERSITÄT COTTBUS - SENFTENBERG;W10;Mechaniczny;true;;true;;true;;"(2,10)";0715;Mechanics and metal trades;;12.05.2015;30.09.2022
D COTTBUS03;Niemcy;BRANDENBURGISCHE TECHNISCHE UNIVERSITÄT COTTBUS - SENFTENBERG;W5;Elektryczny;true;;true;;false;;"(5,6)";0522;Electricity and energy;;12.05.2015;30.09.2021
D COTTBUS03;Niemcy;BRANDENBURGISCHE TECHNISCHE UNIVERSITÄT COTTBUS - SENFTENBERG;W1;Architektury;false;;true;;false;;"(2,9)";0581;Architecture and town planning;;12.05.2015;30.09.2021
D COTTBUS03;Niemcy;BRANDENBURGISCHE TECHNISCHE UNIVERSITÄT COTTBUS - SENFTENBERG;W2;Budownictwa;true;;true;;false;;"(5,6)";0582;Building and civil engineering;;12.05.2015;30.09.2021
D DARMSTA01;Niemcy;TECHNISCHE UNIVERSITÄT DARMSTADT;W7;Inżynierii Środowiska;true;;true;;false;;"(2,5)";0850;Environmental protection (broad programmes);;13.01.2013;30.09.2021
D DARMSTA02;Niemcy;HOCHSCHULE DARMSTADT;W12N;Elektroniki Fotoniki i Mikrosystemów;true;;true;;false;;"(2,10)";0714;Electronics and automation;;12.01.2018;30.09.2021
D DRESDEN01;Niemcy;HOCHSCHULE FUR TECHNIK UND WIRTSCHAFT DRESDEN;W6;Geoinżynierii, Górnictwa i Geologii;true;;true;;true;;"(2,10)";0520;Engineering and engineering trades;;19.02.2015;30.09.2021
D DRESDEN02;Niemcy;TECHNISCHE UNIVERSITÄT DRESDEN;W4N;Informatyki i Telekomunikacji;true;;true;;false;;"(5,10)";0481;Computer science;;14.02.2014;30.09.2021
D DRESDEN02;Niemcy;TECHNISCHE UNIVERSITÄT DRESDEN;W10;Mechaniczny;true;;true;;true;;"(5,6)";0520;Engineering and engineering trades;;03.12.2013;30.09.2021
D DRESDEN02;Niemcy;TECHNISCHE UNIVERSITÄT DRESDEN;W12N;Elektroniki Fotoniki i Mikrosystemów;true;;true;;false;;"(2,10)";0523;Electronics and automation;;01.01.2014;30.09.2021
D DRESDEN02;Niemcy;TECHNISCHE UNIVERSITÄT DRESDEN;W9;Mechaniczno-Energetyczny;true;;true;;true;;"(1,6)";0524;Chemical and process;;10.12.2013;30.09.2021
D DRESDEN02;Niemcy;TECHNISCHE UNIVERSITÄT DRESDEN;W1;Architektury;true;;true;;true;;"(2,10)";0580;Architecture and building;;10.12.2013;30.09.2021
D DRESDEN02;Niemcy;TECHNISCHE UNIVERSITÄT DRESDEN;W2;Budownictwa;true;;true;;true;;"(2,10)";0582;Building and civil engineering;;20.01.2014;30.09.2021
D EMDEN02;Niemcy;HOCHSCHULE EMDEN/LEER;W10;Mechaniczny;true;;false;;false;;"(15,4)";0410;Business and Administration;;28.04.2014;30.09.2021
D EMDEN02;Niemcy;HOCHSCHULE EMDEN/LEER;W7;Inżynierii Środowiska;true;;true;;false;;"(10,6)";0521;Environmental sciences;;28.04.2014;30.09.2021
D ERFURT03;Niemcy;FACHHOCHSCHULE ERFURT;W1;Architektury;true;;true;;false;;"(2,10)";0581;Architecture and town planning;;09.02.2015;30.09.2021
D ERLANGE01;Niemcy;FRIEDRICH-ALEXANDER-UNIVERSITÄT ERLANGEN-NÜRNBERG;W4N;Informatyki i Telekomunikacji;false;;true;;false;;"(4,5)";0481;Computer science;;28.01.2014;30.09.2021
D FREIBER01;Niemcy;TU BERGAKADEMIE FREIBERG;W6;Geoinżynierii, Górnictwa i Geologii;false;;true;;false;;"(1,10)";0532;Earth sciences;;27.02.2014;30.09.2021
D KAISERS01;Niemcy;TECHNISCHE UNIVERSITÄT KAISERSLAUTERN;W13;Matematyki;true;;true;;false;;"(4,6)";0541;Mathematics;;27.04.2016;30.09.2021
D KAISERS01;Niemcy;TECHNISCHE UNIVERSITÄT KAISERSLAUTERN;W10;Mechaniczny;true;;true;;false;;"(2,6)";0715;Mechanics and metal trades;;27.04.2016;30.09.2021
D KAISERS01;Niemcy;TECHNISCHE UNIVERSITÄT KAISERSLAUTERN;W2;Budownictwa;true;;true;;false;;"(2,6)";0732;Building and civil engineering;;27.04.2016;30.09.2021
D KARLSRU01;Niemcy;KARLSRUHER INSTITUT FUR TECHNOLOGIE;W8N;Zarządzania;true;;true;;false;;"(2,5)";0418;Business and Administration;;18.02.2014;30.09.2021
D KARLSRU01;Niemcy;KARLSRUHER INSTITUT FUR TECHNOLOGIE;W12N;Elektroniki Fotoniki i Mikrosystemów;true;;true;;true;;"(2,5)";0714;Electronics and automation;;14.03.2014;30.09.2021
D KARLSRU01;Niemcy;KARLSRUHER INSTITUT FUR TECHNOLOGIE;W1;Architektury;false;;true;;false;;"(1,10)";0731;Architecture and town planning;;14.03.2014;30.09.2021
D KASSEL01;Niemcy;UNIVERSITÄT KASSEL;W8N;Zarządzania;true;;true;;false;;"(2,5)";0410;Business and Administration;;16.11.2016;30.09.2021
D KOBLENZ02;Niemcy;UNIVERSITÄT KOBLENZ-LANDAU;W4N;Informatyki i Telekomunikacji;true;;true;;true;;"(2,10)";0481;Computer science;;24.01.2014;30.09.2021
D KOLN04;Niemcy;FACHHOCHSCHULE KÖLN;W3;Chemiczny;true;;true;;false;;"(2,10)";0442;Chemistry;;21.03.2014;30.09.2021
D LEIPZIG01;Niemcy;UNIVERSITÄT LEIPZIG;W11;Podstawowych Problemów Techniki;true;;true;;true;;"(1,12)";0442;Chemistry (+Physics out);;01.10.2014;30.09.2021
D LEIPZIG02;Niemcy;HTWK LEIPZIG;W2;Budownictwa;true;;true;;false;;"(2,10)";0700;Engineering, manufacturing and construction;;17.03.2016;30.09.2021
D MUNCHEN02;Niemcy;TECHNISCHE UNIVERSTAT MUNCHEN;W11;Podstawowych Problemów Techniki;true;;true;;true;;"(2,6)";0533;Physics;;09.02.2015;30.09.2021
D MUNCHEN02;Niemcy;TECHNISCHE UNIVERSTAT MUNCHEN;W5;Elektryczny;true;;true;;true;;"(2,10)";0713;Electricity and energy;;27.05.2014;30.09.2021
D MUNCHEN02;Niemcy;TECHNISCHE UNIVERSTAT MUNCHEN;W10;Mechaniczny;false;;true;;false;;"(1,10)";0715;Mechanics and metal trades;;25.01.2017;30.09.2021
D MUNCHEN02;Niemcy;TECHNISCHE UNIVERSTAT MUNCHEN;W2;Budownictwa;true;;true;;false;;"(2,5)";0732;Building and civil engineering;;27.05.2014;30.09.2021
D MUNCHEN02;Niemcy;TECHNISCHE UNIVERSTAT MUNCHEN;W3;Chemiczny;true;;true;;false;;"(1,10)";0442;Chemistry;;11.04.2014;30.09.2021
D MUNCHEN02;Niemcy;TECHNISCHE UNIVERSTAT MUNCHEN;W4N;Informatyki i Telekomunikacji;true;;true;;true;;"(2,10)";0481;Computer science;;11.03.2014;30.09.2021
D MUNSTER02;Niemcy;FACHHOCHSCHULE MÜNSTER;W11;Podstawowych Problemów Techniki;true;;true;;true;;"(2,12)";0710;Engineering and engineering trades;;22.01.2014;30.09.2021
D MUNSTER02;Niemcy;FACHHOCHSCHULE MÜNSTER;W1;Architektury;true;;true;;false;;"(3,12)";0730;Architecture and construction;;16.04.2014;30.09.2021
D MUNSTER02;Niemcy;FACHHOCHSCHULE MÜNSTER;W2;Budownictwa;true;;true;;false;;"(2,6)";0732;Building and civil engineering;;01.10.2014;30.09.2021
D PADERBO01;Niemcy;UNIVERSITÄT PADERBORN;W11;Podstawowych Problemów Techniki;true;;false;;false;;"(2,6)";0480;Informatics, computer science;;01.10.2014;30.09.2022
D PADERBO01;Niemcy;UNIVERSITÄT PADERBORN;W4N;Informatyki i Telekomunikacji;true;;false;;false;;"(3,6)";0480;Informatics, computer science;;01.10.2014;30.09.2022
D REGENSB02;Niemcy;OTH REGENSBURG;W10;Mechaniczny;true;;false;;false;;"(2,12)";0521;Mechanics and metal work;;15.05.2014;30.09.2021
D SCHMALK01;Niemcy;FACHHOCHSCHULE SCHMALKALDEN HOCHSCHULE FÜR TECHNIK UND WIRTSCHAFT;W10;Mechaniczny;true;;true;;true;;"(2,5)";0500;Engineering, manufacturing and construction/Engineering and engineering trades;;13.12.2016;30.09.2021
D SIEGEN01;Niemcy;UNIVERSITAET SIEGEN;W8N;Zarządzania;true;;true;;true;;"(2,10)";0311;Economics;;13.05.2014;30.09.2021
D SIEGEN01;Niemcy;UNIVERSITAET SIEGEN;W4N;Informatyki i Telekomunikacji;true;;true;;true;;"(2,10)";0610;Information and communication technologies - ICT;;13.05.2014;30.09.2021
D STUTTGA01;Niemcy;UNIVERSITAT STUTTGART;W10;Mechaniczny;true;;true;;false;;"(2,6)";0715;Mechanics and metal trades;;23.12.2016;30.09.2021
D TRIER02;Niemcy;TRIER UNIVERSITY OF APPLIED SCIENCES;W4N;Informatyki i Telekomunikacji;true;;true;;false;;"(2,5)";0481;Computer Science;;06.10.2017;30.09.2021
D WIESBAD01;Niemcy;HOCHSCHULE RHEINMAIN;W4N;Informatyki i Telekomunikacji;true;;true;;false;;"(2,6)";0481;Computer science;;31.01.2014;30.09.2021
D WIESBAD01;Niemcy;HOCHSCHULE RHEINMAIN;W1;Architektury;true;;true;;false;;"(2,6)";0581;Architecture and town planning;;31.01.2014;30.09.2021
D WOLFENB01;Niemcy;OSTFALIA HOCHSCHULE FÜR ANGEWANDTE WISSENSCHAFTEN;W10;Mechaniczny;true;;false;;false;;"(4,10)";0716;Motor vehicles, ships and aircraft;;01.10.2014;30.09.2021
D WURZBUR01;Niemcy;JULIUS-MAXIMILIANS-UNIVERSITÄT WÜRZBURG;W11;Podstawowych Problemów Techniki;true;;true;;true;;"(5,10)";0441;Physics;;15.11.2013;30.09.2021
D WURZBUR01;Niemcy;JULIUS-MAXIMILIANS-UNIVERSITÄT WÜRZBURG;W13;Matematyki;true;;true;;true;;"(5,10)";0460;Mathematics and statistics;;15.11.2013;30.09.2021
D WURZBUR01;Niemcy;JULIUS-MAXIMILIANS-UNIVERSITÄT WÜRZBURG;W4N;Informatyki i Telekomunikacji;true;;true;;true;;"(5,10)";0481;Computer science;;15.11.2013;30.09.2021
D ZITTAU01;Niemcy;HOCHSCHULE ZITTAU-GOERLITZ;W5;Elektryczny;true;;false;;false;;"(1,6)";0610;Information and communication technologies - ICT;;13.04.2017;30.09.2021
D ZITTAU01;Niemcy;HOCHSCHULE ZITTAU-GOERLITZ;W4N;Informatyki i Telekomunikacji;true;;false;;false;;"(6,6)";0710;Engineering and engineering trades;;13.04.2017;30.09.2021
D ZITTAU01;Niemcy;HOCHSCHULE ZITTAU-GOERLITZ;W8N;Zarządzania;true;;false;;false;;"(12,10)";0340;Business and Administration;;14.01.2014;30.09.2021
DK KOBENHA58;Dania;K?BENHAVNS ERHVERVSAKADEMI;W1;Architektury;true;;false;;false;;"(2,5)";0730;Architecture and construction;;23.06.2014;30.09.2021
DK ODENSE01;Dania;UNIVERSITY OF SOUTHERN DENMARK (SDU);W2;Budownictwa;false;;true;;true;;"(2,5)";0732;Building and civil engineering;;01.02.2018;30.09.2021
DK ODENSE01;Dania;UNIVERSITY OF SOUTHERN DENMARK (SDU);W3;Chemiczny;true;;true;;true;;"(2,5)";0711;Chemical engineering and processes;;01.02.2018;30.09.2021
DK ODENSE01;Dania;UNIVERSITY OF SOUTHERN DENMARK (SDU);W12N;Elektroniki Fotoniki i Mikrosystemów;true;;true;;true;;"(2,5)";0713;Electricity and energy;;01.02.2018;30.09.2021
DK ODENSE01;Dania;UNIVERSITY OF SOUTHERN DENMARK (SDU);W7;Inżynierii Środowiska;true;;true;;true;;"(2,5)";0712;Environmental protection technology (07.4 - 85, 850, 851, 859);;01.02.2018;30.09.2021
DK ODENSE01;Dania;UNIVERSITY OF SOUTHERN DENMARK (SDU);W4N;Informatyki i Telekomunikacji;true;;true;;false;;"(2,5)";0610;Information and Communication Technologies (ICTs), not further defined (4, 48);;01.02.2018;30.09.2021
DK ODENSE01;Dania;UNIVERSITY OF SOUTHERN DENMARK (SDU);W9;Mechaniczno-Energetyczny;true;;true;;true;;"(2,5)";0714;Electronics;;01.02.2018;30.09.2021
DK ODENSE01;Dania;UNIVERSITY OF SOUTHERN DENMARK (SDU);W4N;Informatyki i Telekomunikacji;true;;true;;true;;"(2,5)";0710;Engineering and engineering trades, not further defined (06.0 - 5, 52, 520);;01.02.2018;30.09.2021
DK RISSKOV06;Dania;VIA UNIVERSITY COLLEGE;W2;Budownictwa;true;;true;;false;;"(4,5)";0730;Architecture and construction;;17.03.2017;30.09.2021
E ALICANT01;Hiszpania;UNIVERSIDAD DE ALICANTE;W11;Podstawowych Problemów Techniki;true;;false;;false;;"(1,5)";0441;Physics;;09.12.2013;30.09.2021
E ALICANT01;Hiszpania;UNIVERSIDAD DE ALICANTE;W3;Chemiczny;false;;false;;true;;"(2,5)";0531;Chemistry;;22.11.2017;30.09.2021
E ALICANT01;Hiszpania;UNIVERSIDAD DE ALICANTE;W1;Architektury;true;;false;;false;;"(3,5)";0580;Architecture and building;;09.12.2013;30.09.2021
E ALICANT01;Hiszpania;UNIVERSIDAD DE ALICANTE;W1;Architektury;true;;true;;false;;"(5,5)";0731;Architecture and Town planning;;11.05.2017;30.09.2021
E ALICANT01;Hiszpania;UNIVERSIDAD DE ALICANTE;W2;Budownictwa;true;;false;;false;;"(2,5)";0582;Building and civil engineering;;09.12.2013;30.09.2021
E ALMERIA01;Hiszpania;UNIVERSIDAD DE ALMERIA;W4N;Informatyki i Telekomunikacji;true;;false;;false;;"(3,10)";0610;Information and communication technologies - ICT;;02.04.2014;30.09.2021
E ALMERIA01;Hiszpania;UNIVERSIDAD DE ALMERIA;W4N;Informatyki i Telekomunikacji;true;;false;;false;;"(3,10)";0610;Information and communication technologies - ICT;;02.04.2014;30.09.2021
E BARCELO02;Hiszpania;UNIVERSITAT AUTÓNOMA DE BARCELONA;W4N;Informatyki i Telekomunikacji;true;;false;;false;;"(4,5)";0481;Computer science;;08.01.2014;30.09.2021
E BARCELO03;Hiszpania;UNIVERSITAT POLIT?CNICA DE CATALU?A;W4N;Informatyki i Telekomunikacji;true;;true;;false;;"(2,10)";0610;Information and communication technologies - ICT;;31.01.2014;30.09.2021
E BARCELO03;Hiszpania;UNIVERSITAT POLIT?CNICA DE CATALU?A;W9;Mechaniczno-Energetyczny;true;;true;;false;;"(2,10)";0715;Mechanics and metal trades;;15.07.2015;30.09.2021
E BARCELO03;Hiszpania;UNIVERSITAT POLIT?CNICA DE CATALU?A;W2;Budownictwa;true;;true;;false;;"(2,5)";0582;Building and civil engineering;;26.11.2013;30.09.2021
E BILBAO01;Hiszpania;UNIVERSIDAD DEL PAÍS VASCO;W3;Chemiczny;false;;true;;false;;"(1,6)";0442;Chemistry;;09.12.2013;30.09.2021
E BILBAO01;Hiszpania;UNIVERSIDAD DEL PAÍS VASCO;W1;Architektury;true;;true;;false;;"(3,10)";0581;Architecture and town planning;;25.02.2014;30.09.2021
E BILBAO01;Hiszpania;UNIVERSIDAD DEL PAÍS VASCO;W2;Budownictwa;true;;true;;false;;"(1,10)";0582;Building and civil engineering;;25.02.2014;30.09.2021
E BILBAO02;Hiszpania;UNIVERSIDAD DE DEUSTO;W10;Mechaniczny;true;;true;;false;;"(3,5)";0521;Mechanics and metal work;;24.04.2015;30.09.2021
E BURGOS01;Hiszpania;UNIVERSIDAD DE BURGOS;W4N;Informatyki i Telekomunikacji;true;;false;;false;;"(2,9)";0481;Computer science;;01.10.2014;30.09.2021
E BURGOS01;Hiszpania;UNIVERSIDAD DE BURGOS;W4N;Informatyki i Telekomunikacji;true;;false;;false;;"(2,9)";0481;Computer science;;01.10.2014;30.09.2021
E CADIZ01;Hiszpania;UNIVERSIDAD DE CÁDIZ;W13;Matematyki;true;;false;;false;;"(1,6)";0400;Mathematics, Informatics;;09.05.2014;30.09.2021
E CADIZ01;Hiszpania;UNIVERSIDAD DE CÁDIZ;W4N;Informatyki i Telekomunikacji;true;;false;;false;;"(2,6)";0481;Computer science;;09.05.2014;30.09.2021
E CADIZ01;Hiszpania;UNIVERSIDAD DE CÁDIZ;W10;Mechaniczny;true;;false;;false;;"(2,10)";0521;Mechanics and metal work;;09.05.2014;30.09.2021
E CADIZ01;Hiszpania;UNIVERSIDAD DE CÁDIZ;W5;Elektryczny;true;;false;;false;;"(1,10)";0522;Electricity and energy;;09.05.2014;30.09.2021
E CADIZ01;Hiszpania;UNIVERSIDAD DE CÁDIZ;W12N;Elektroniki Fotoniki i Mikrosystemów;true;;false;;false;;"(1,10)";0523;Electronics and automation;;09.05.2014;30.09.2021
E CADIZ01;Hiszpania;UNIVERSIDAD DE CÁDIZ;W2;Budownictwa;true;;false;;false;;"(5,9)";0582;Building and civil engineering;;09.05.2014;30.09.2021
E ELCHE01;Hiszpania;UNIVERSIDAD MIGUEL HERNANDEZ DE ELCHE;W3;Chemiczny;true;;true;;true;;"(3,10)";0421;Biology and biochemistry;;16.01.2014;30.09.2021
E GRANADA01;Hiszpania;UNIVERSIDAD DE GRANADA;W2;Budownictwa;true;;false;;false;;"(2,9)";0582;Building and civil engineering;;30.06.2015;30.09.2021
E HUELVA01;Hiszpania;UNIVERSIDAD DE HUELVA;W4N;Informatyki i Telekomunikacji;true;;true;;true;;"(3,9)";0481;Computer science;;11.04.2014;30.09.2021
E HUELVA01;Hiszpania;UNIVERSIDAD DE HUELVA;W10;Mechaniczny;true;;true;;true;;"(3,9)";0521;Mechanics and metal work;;11.04.2014;30.09.2021
E HUELVA01;Hiszpania;UNIVERSIDAD DE HUELVA;W5;Elektryczny;true;;true;;false;;"(2,10)";0522;Electricity and energy;;23.10.2015;30.09.2021
E LA-CORU01;Hiszpania;UNIVERSIDAD DE A CORU?A;W5;Elektryczny;true;;false;;false;;"(2,10)";0522;Electricity and energy;;28.01.2014;30.09.2021
E LAS-PAL01;Hiszpania;UNIVERSIDAD DE LAS PALMAS DE GRAN CANARIA;W4N;Informatyki i Telekomunikacji;true;;true;;false;;"(2,6)";0481;Computer science;;01.10.2014;30.09.2021
E LAS-PAL01;Hiszpania;UNIVERSIDAD DE LAS PALMAS DE GRAN CANARIA;W12N;Elektroniki Fotoniki i Mikrosystemów;true;;true;;false;;"(2,6)";0523;Electronics and automation;;01.10.2014;30.09.2021
E LAS-PAL01;Hiszpania;UNIVERSIDAD DE LAS PALMAS DE GRAN CANARIA;W1;Architektury;true;;true;;false;;"(3,9)";0580;Architecture and building;;01.10.2014;30.09.2021
E LEON01;Hiszpania;UNIVERSIDAD DE LEÓN;W5;Elektryczny;true;;false;;false;;"(4,6)";0520;Engineering and engineering trades;;01.04.2014;30.09.2021
E MADRID02;Hiszpania;UNIVERSIDAD PONTIFICIA COMILLAS;W10;Mechaniczny;true;;true;;true;;"(2,5)";0521;Mechanics and metal work;;17.12.2013;30.09.2021
E MADRID02;Hiszpania;UNIVERSIDAD PONTIFICIA COMILLAS;W12N;Elektroniki Fotoniki i Mikrosystemów;true;;true;;false;;"(2,5)";0523;Electronics and automation;;17.12.2013;30.09.2021
E MADRID04;Hiszpania;UNIVERSIDAD AUTONOMA DE MADRID;W4N;Informatyki i Telekomunikacji;true;;true;;true;;"(2,10)";0481;Computer science;;01.10.2016;30.09.2021
E MADRID04;Hiszpania;UNIVERSIDAD AUTONOMA DE MADRID;W12N;Elektroniki Fotoniki i Mikrosystemów;true;;true;;true;;"(2,10)";0523;Electronics and automation;;01.10.2016;30.09.2021
E MADRID05;Hiszpania;UNIVERSIDAD POLITÉCNICA DE MADRID;W6;Geoinżynierii, Górnictwa i Geologii;true;;true;;false;;"(2,6)";0443;Earth sciences;;01.03.2016;30.09.2021
E MADRID05;Hiszpania;UNIVERSIDAD POLITÉCNICA DE MADRID;W2;Budownictwa;true;;true;;false;;"(4,12)";0582;Building and civil engineering;;29.01.2016;30.09.2021
E MADRID14;Hiszpania;UNIVERSIDAD CARLOS III DE MADRID;W5;Elektryczny;true;;true;;false;;"(5,10)";0713;Electricity and energy;;13.02.2014;30.09.2021
E MADRID14;Hiszpania;UNIVERSIDAD CARLOS III DE MADRID;W4N;Informatyki i Telekomunikacji;true;;true;;false;;"(2,10)";0481;Computer science;;13.02.2014;30.09.2021
E MADRID21;Hiszpania;UNIVERSIDAD CEU SAN PABLO;W1;Architektury;true;;true;;false;;"(7,10)";0581;Architecture and town planning;;16.11.2016;30.09.2021
E MALAGA01;Hiszpania;UNIVERSIDAD DE MÁLAGA;W4N;Informatyki i Telekomunikacji;true;;false;;false;;"(2,9)";0610;Information and communication technologies - ICT;;18.12.2013;30.09.2021
E MALAGA01;Hiszpania;UNIVERSIDAD DE MÁLAGA;W4N;Informatyki i Telekomunikacji;true;;false;;false;;"(2,9)";0610;Information and communication technologies - ICT;;18.12.2013;30.09.2021
E MALAGA01;Hiszpania;UNIVERSIDAD DE MÁLAGA;W5;Elektryczny;true;;false;;false;;"(2,9)";0713;Electricity and energy;;18.12.2013;30.09.2021
E MALAGA01;Hiszpania;UNIVERSIDAD DE MÁLAGA;W12N;Elektroniki Fotoniki i Mikrosystemów;true;;false;;false;;"(2,9)";0714;Electronics and automation;;18.12.2013;30.09.2021
E MALAGA01;Hiszpania;UNIVERSIDAD DE MÁLAGA;W10;Mechaniczny;true;;false;;false;;"(2,10)";0715;Mechanics and metal trades;;18.12.2013;30.09.2021
E MONDRAG01;Hiszpania;MONDRAGON UNIBERTSITATEA;W8N;Zarządzania;true;;true;;false;;"(2,12)";0340;Business and Administration;;14.01.2014;30.09.2021
E MONDRAG01;Hiszpania;MONDRAGON UNIBERTSITATEA;W10;Mechaniczny;true;;false;;false;;"(2,10)";0521;Mechanics and metal work;;14.01.2014;30.09.2021
E MURCIA01;Hiszpania;UNIVERSIDAD DE MURCIA;W4N;Informatyki i Telekomunikacji;true;;true;;false;;"(2,10)";0719;Engineering and engineering trades, not elsewhere classified;;20.06.2014;30.09.2021
E MURCIA01;Hiszpania;UNIVERSIDAD DE MURCIA;W4N;Informatyki i Telekomunikacji;true;;true;;false;;"(2,10)";0719;Engineering and engineering trades, not elsewhere classified;;20.06.2014;30.09.2021
E SANTIAG01;Hiszpania;UNIVERSIDAD DE SANTIAGO DE COMPOSTELA;W3;Chemiczny;false;;true;;false;;"(1,5)";0711;Chemical engineering and processes;;14.01.2014;30.09.2021
E SEVILLA01;Hiszpania;UNIVERSIDAD DE SEVILLA;W4N;Informatyki i Telekomunikacji;true;;false;;false;;"(2,10)";0520;Engineering and engineering trades;;31.10.2014;30.09.2021
E SEVILLA01;Hiszpania;UNIVERSIDAD DE SEVILLA;W5;Elektryczny;true;;true;;false;;"(2,6)";0522;Electricity and energy;;21.05.2014;30.09.2021
E SEVILLA01;Hiszpania;UNIVERSIDAD DE SEVILLA;W1;Architektury;true;;false;;false;;"(2,10)";0581;Architecture and town planning;;31.10.2014;30.09.2021
E TARRAGO01;Hiszpania;UNIVERSITAT ROVIRA I VIRGILI;W3;Chemiczny;true;;true;;false;;"(2,5)";0421;Biology and biochemistry;;24.01.2014;30.09.2021
E TARRAGO01;Hiszpania;UNIVERSITAT ROVIRA I VIRGILI;W3;Chemiczny;true;;true;;false;;"(2,5)";0524;Chemical and process;;24.01.2014;30.09.2021
E TENERIF01;Hiszpania;UNIVERSIDAD DE LA LAGUNA;W4N;Informatyki i Telekomunikacji;true;;false;;false;;"(2,10)";0520;Engineering and engineering trades;;13.03.2014;30.09.2021
E TENERIF01;Hiszpania;UNIVERSIDAD DE LA LAGUNA;W10;Mechaniczny;true;;false;;false;;"(2,10)";0521;Mechanics and metal work;;13.03.2014;30.09.2021
E VALENCI02;Hiszpania;UNIVERSIDAD POLITÉCNICA DE VALENCIA;W3;Chemiczny;true;;true;;true;;"(2,10)";0512;Biochemistry;;23.01.2014;30.09.2021
E VALENCI02;Hiszpania;UNIVERSIDAD POLITÉCNICA DE VALENCIA;W12N;Elektroniki Fotoniki i Mikrosystemów;true;;false;;false;;"(3,10)";0714;Electronics and automation;;15.01.2015;30.09.2021
E VALENCI02;Hiszpania;UNIVERSIDAD POLITÉCNICA DE VALENCIA;W4N;Informatyki i Telekomunikacji;true;;true;;false;;"(2,10)";0480;Informatics, computer science;;29.01.2014;30.09.2021
E VALENCI02;Hiszpania;UNIVERSIDAD POLITÉCNICA DE VALENCIA;W10;Mechaniczny;true;;true;;false;;"(9,10)";0715;Mechanics and metal work;;05.02.2014;30.09.2021
E VALENCI02;Hiszpania;UNIVERSIDAD POLITÉCNICA DE VALENCIA;W5;Elektryczny;true;;true;;false;;"(2,10)";0522;Electricity and energy;;07.07.2014;30.09.2021
E VALENCI02;Hiszpania;UNIVERSIDAD POLITÉCNICA DE VALENCIA;W1;Architektury;true;;true;;false;;"(3,10)";0580;Architecture and building;;21.05.2014;30.09.2021
E VALENCI08;Hiszpania;UNIVERSITY CEU CARDENAL HERRERA;W1;Architektury;true;;false;;false;;"(2,10)";0731;Architecture and town planning;;07.03.2014;30.09.2021
E VIGO01;Hiszpania;UNIVERSIDAD DE VIGO;W10;Mechaniczny;true;;false;;false;;"(5,10)";0540;Manufacturing and processing;;19.03.2014;30.09.2021
E ZARAGOZ01;Hiszpania;UNIVERSIDAD DE ZARAGOZA;W10;Mechaniczny;false;;true;;false;;"(2,5)";0521;Mechanics and metal work;;06.02.2014;30.09.2021
E ZARAGOZ01;Hiszpania;UNIVERSIDAD DE ZARAGOZA;W1;Architektury;true;;true;;true;;"(2,10)";0581;Architecture and town planning;;06.02.2014;30.09.2021
EE TALLINN04;Estonia;TALLINNA TEHNIKAULIKOOL;W4N;Informatyki i Telekomunikacji;true;;true;;true;;"(1,10)";0611;Computer use;;22.09.2014;30.09.2021
EE TALLINN04;Estonia;TALLINNA TEHNIKAULIKOOL;W12N;Elektroniki Fotoniki i Mikrosystemów;true;;true;;true;;"(1,10)";0714;Electronics and automation;;22.09.2014;30.09.2021
EE TALLINN04;Estonia;TALLINNA TEHNIKAULIKOOL;W6;Geoinżynierii, Górnictwa i Geologii;false;;true;;false;;"(1,10)";0520;Engineering and engineering trades;;25.02.2014;30.09.2021
F ANGERS01;Francja;UNIVERSITE D'ANGERS;W3;Chemiczny;true;;false;;true;;"(2,4)";0531;Chemistry;;21.01.2014;30.09.2021
F ANGERS01;Francja;UNIVERSITE D'ANGERS;W11;Podstawowych Problemów Techniki;true;;true;;false;;"(2,6)";0533;Physics;;21.01.2014;30.09.2021
F BESANCO01;Francja;UNIVERSITE DE FRANCHE-COMTÉ;W13;Matematyki;false;;true;;true;;"(2,6)";0541;Mathematics;;28.03.2014;30.09.2021
F BESANCO01;Francja;UNIVERSITE DE FRANCHE-COMTÉ;W4N;Informatyki i Telekomunikacji;true;;true;;true;;"(2,10)";0710;Engineering and engineering trades;;28.03.2014;30.09.2021
F BESANCO01;Francja;UNIVERSITE DE FRANCHE-COMTÉ;W6;Elektroniki Fotoniki i Mikrosystemów;true;;true;;true;;"(3,10)";0710;Engineering and engineering trades;;28.03.2014;30.09.2021
F BESCANO06;Francja;ECOLE NATIONALE SUPERIEURE DE MECANIQUE ET DE MICROTECNIQUE;W10;Mechaniczny;true;;false;;false;;"(2,5)";0521;Mechanics and metal work;;02.11.2016;30.09.2021
F CACHAN03;Francja;ÉCOLE NORMALE SUPÉRIEURE DE CACHAN;W3;Chemiczny;false;;true;;true;;"(3,5)";0510;Biological and related sciences;;28.04.2014;30.09.2021
F CHAMBER01;Francja;UNIVERSITE DE SAVOIE;W4N;Informatyki i Telekomunikacji;true;;false;;false;;"(4,10)";0610;Information and communication technologies - ICT;;12.11.2014;30.09.2021
F CHAMBER01;Francja;UNIVERSITE DE SAVOIE;W10;Mechaniczny;true;;false;;false;;"(1,10)";0720;Manufacturing and processing;;12.11.2014;30.09.2021
F CHAMBER01;Francja;UNIVERSITE DE SAVOIE;W8N;Zarządzania;true;;false;;false;;"(1,10)";0340;Business and Administration;;12.11.2014;30.09.2021
F CHATENA02;Francja;ECOLE CENTRALE PARIS;W8N;Zarządzania;true;;false;;false;;"(2,6)";0340;Business and Administration;;18.02.2014;30.09.2021
F COMPIEG01;Francja;UNIVERSITE DE TECHNOLOGIE DE COMPIEGNE;W6;Geoinżynierii, Górnictwa i Geologii;false;;true;;false;;"(2,6)";0520;Engineering and engineering trades;;02.03.2015;30.09.2021
F COMPIEG01;Francja;UNIVERSITE DE TECHNOLOGIE DE COMPIEGNE;W5;Elektryczny;true;;true;;false;;"(2,10)";0522;Electricity and energy;;25.07.2016;30.09.2021
F GIF-YVE03;Francja;CENTRAL SUPELEC;W4N;Informatyki i Telekomunikacji;true;;true;;false;;"(1,10)";0481;Computer science;;24.03.2016;30.09.2021
F LILLE01;Francja;UNIVERSITE  LILLE1;W13;Matematyki;true;;true;;false;;"(2,10)";0541;Mathematics;;01.09.2015;30.09.2021
F LILLE01;Francja;UNIVERSITE  LILLE1;W4N;Informatyki i Telekomunikacji;true;;true;;false;;"(3,10)";0613;Computer use;;07.04.2016;30.09.2021
F LILLE01;Francja;UNIVERSITE  LILLE1;W2;Budownictwa;false;;true;;false;;"(3,5)";0732;Building and civil engineering;;07.04.2016;30.09.2021
F LILLE01;Francja;UNIVERSITE  LILLE1;W3;Chemiczny;true;;true;;false;;"(2,5)";0442;Chemistry;;26.06.2014;30.09.2021
F LILLE01;Francja;UNIVERSITE  LILLE1;W9;Mechaniczno-Energetyczny;true;;true;;true;;"(2,10)";0522;Electricity and energy;;14.04.2014;30.09.2021
F MARSEILL84;Francja;UNIVERSITE AIX-MARSEILLE;W3;Chemiczny;true;;true;;true;;"(1,10)";0531;Chemistry;;29.04.2016;30.09.2021
F MARSEILL84;Francja;UNIVERSITE AIX-MARSEILLE;W2;Budownictwa;true;;false;;false;;"(4,6)";0730;Architecture and construction;;04.05.2015;30.09.2021
F MONTPEL08;Francja;ECOLE NATIONALE SUPERIEURE DE CHIMIE DE MONTPELLIER;W3;Chemiczny;true;;true;;false;;"(4,5)";0442;Chemistry;;12.02.2014;30.09.2021
F NANCY38;Francja;ECOLE NATIONALE SUPÉRIEURE D'ARCHITECTURE DE NANCY;W1;Architektury;true;;true;;false;;"(2,9)";0731;Architecture and town planning;;02.02.2015;30.09.2021
F NANCY43;Francja;UNIVERSITE DE LORRAINE / ÉCOLE NATIONALE SUPÉRIEURE D’ÉLECTRICITÉ ET DE MÉCANIQUE;W9;Mechaniczno-Energetyczny;true;;true;;true;;"(2,10)";0523;Electronics and automation;;22.07.2014;30.09.2021
F PARIS006;Francja;UNIVERSITE PIERRE ET MARIE CURIE;W3;Chemiczny;true;;true;;false;;"(2,5)";0531;Chemistry;;06.02.2014;30.09.2021
F PARIS012;Francja;UNIVERSITÉ PARIS-EST CRÉTEIL VAL DE MARNE;W9;Mechaniczno-Energetyczny;true;;true;;false;;"(1,10)";0710;Engineering and engineering trades;;12.01.2018;30.09.2021
F PARIS012;Francja;UNIVERSITÉ PARIS-EST CRÉTEIL VAL DE MARNE;W4N;Informatyki i Telekomunikacji;true;;true;;false;;"(1,10)";0710;Engineering and engineering trades;;12.01.2018;30.09.2021
F PARIS013;Francja;UNIVERSITE PARIS13;W3;Chemiczny;true;;true;;false;;"(2,6)";0530;Physical sciences;;14.04.2014;30.09.2021
F PARIS080;Francja;ENSTA PARISTECH;W10;Mechaniczny;false;;true;;false;;"(2,12)";0710;Engineering and engineering trades;;09.04.2014;30.09.2021
F RENNES01;Francja;UNIVERSITE DE RENNES 1;W3;Chemiczny;true;;true;;true;;"(2,10)";0442;Chemistry;;16.05.2014;30.09.2021
F RENNES09;Francja;ECOLE NATIONALE SUPERIEURE DE CHIMIE DE RENNES;W3;Chemiczny;true;;true;;false;;"(1,6)";0442;Chemistry;;28.03.2014;30.09.2021
F STRASBO31;Francja;INSTITUT NATIONAL DES SCIENCES APPLIQUÉES DE STRASBOURG;W7;Inżynierii Środowiska;true;;true;;false;;"(2,10)";0712;Environmental protection technology;;14.01.2014;30.09.2021
F STRASBO31;Francja;INSTITUT NATIONAL DES SCIENCES APPLIQUÉES DE STRASBOURG;W12N;Elektroniki Fotoniki i Mikrosystemów;true;;true;;false;;"(2,10)";0714;Electronics and automation;;14.01.2014;30.09.2021
F STRASBO31;Francja;INSTITUT NATIONAL DES SCIENCES APPLIQUÉES DE STRASBOURG;W10;Mechaniczny;true;;true;;false;;"(2,10)";0715;Mechanics and metal trades;;14.01.2014;30.09.2021
F STRASBO31;Francja;INSTITUT NATIONAL DES SCIENCES APPLIQUÉES DE STRASBOURG;W1;Architektury;true;;true;;false;;"(2,10)";0731;Architecture and town planning;;14.01.2014;30.09.2021
F STRASBO31;Francja;INSTITUT NATIONAL DES SCIENCES APPLIQUÉES DE STRASBOURG;W2;Budownictwa;true;;true;;false;;"(2,10)";0732;Building and civil engineering;;14.01.2014;30.09.2021
F STRASBO48;Francja;UNIVERSITE DE STRASBOURG;W11;Podstawowych Problemów Techniki;false;;true;;false;;"(14,5)";0441;Physics;;03.12.2015;30.09.2021
F STRASBO48;Francja;UNIVERSITE DE STRASBOURG;W10;Mechaniczny;true;;true;;false;;"(1,10)";0521;Mechanics and metal work;;03.12.2015;30.09.2021
F STRASBO48;Francja;UNIVERSITE DE STRASBOURG;W9;Mechaniczno-Energetyczny;true;;true;;false;;"(1,10)";0521;Mechanics and metal work;;03.12.2015;30.09.2021
F STRASBO48;Francja;UNIVERSITE DE STRASBOURG;W5;Elektryczny;true;;true;;false;;"(2,10)";0522;Electricity and energy;;03.12.2015;30.09.2021
F STRASBO48;Francja;UNIVERSITE DE STRASBOURG;W12N;Elektroniki Fotoniki i Mikrosystemów;true;;true;;false;;"(2,10)";0523;Electronics and automation;;03.12.2015;30.09.2021
F TOULOUS14;Francja;INSTITUT NATIONAL DES SCIENCES APPLIQUEES DE TOULOUSE;W2;Budownictwa;true;;true;;false;;"(2,6)";0582;Building and civil engineering;;29.05.2014;30.09.2021
F TOURS01;Francja;UNIVERSITE FRANCOIS RABELAIS DE TOURS;W1;Architektury;true;;true;;false;;"(4,9)";0581;Architecture and town planning;;25.10.2016;30.09.2021
G ARTA01;Grecja;TECHNOLOGIKO EKPEDEFTIKO IDRIMA (TEI) EPIROU;W4N;Informatyki i Telekomunikacji;true;;true;;true;;"(2,6)";0520;Engineering and engineering trades;;20.03.2014;30.09.2021
G KRITIS09;Grecja;POLYTECHNIO KRITIS;W6;Geoinżynierii, Górnictwa i Geologii;true;;true;;false;;"(2,5)";0724;Mining and extraction;;11.02.2014;30.09.2021
G PATRA01;Grecja;PANEPISTIMIO PATRON (UNIVERSITY OF PATRAS);W1;Architektury;true;;true;;false;;"(2,10)";0580;Architecture and building;;07.04.2015;30.09.2021
HR RIJEKA01;Chorwacja;UNIVERSITY OF RIJEKA;W10;Mechaniczny;true;;true;;true;;"(1,5)";0520;Engineering and engineering trades;;11.01.2017;30.09.2021
HR SPLIT01;Chorwacja;SVEUČILIŠTE U SPLITU;W2;Budownictwa;true;;true;;true;;"(1,10)";0520;Engineering and engineering trades;;02.04.2014;30.09.2021
HR SPLIT01;Chorwacja;SVEUČILIŠTE U SPLITU;W4N;Informatyki i Telekomunikacji;true;;true;;true;;"(1,10)";0520;Engineering and engineering trades;;02.04.2014;30.09.2021
HR ZAGREB01;Chorwacja;SVEUČILIŠTE U ZAGREBU;W10;Mechaniczny;true;;true;;true;;"(4,6)";0140;Transport services;;20.02.2017;30.09.2021
HR ZAGREB01;Chorwacja;SVEUČILIŠTE U ZAGREBU;W4N;Informatyki i Telekomunikacji;true;;true;;true;;"(2,5)";0481;Computer science;;16.01.2014;30.09.2021
HR ZAGREB01;Chorwacja;SVEUČILIŠTE U ZAGREBU;W10;Mechaniczny;true;;true;;true;;"(4,6)";0520;Engineering and engineering trades;;20.02.2017;30.09.2021
HR ZAGREB01;Chorwacja;SVEUČILIŠTE U ZAGREBU;W5;Elektryczny;true;;true;;true;;"(2,5)";0522;Electricity and energy;;16.01.2014;30.09.2021
HR ZAGREB01;Chorwacja;SVEUČILIŠTE U ZAGREBU;W12N;Elektroniki Fotoniki i Mikrosystemów;true;;true;;true;;"(2,5)";0523;Electronics and automation;;16.01.2014;30.09.2021
HR ZAGREB02;Chorwacja;SVEUČILIŠTE U ZAGREBU;W6;Geoinżynierii, Górnictwa i Geologii;true;;true;;true;;"(3,5)";0724;Mining and extraction;;11.10.2017;30.09.2021
HU BEDAPES16;Chorwacja;OBUDAI EGYETEM;W4N;Informatyki i Telekomunikacji;true;;true;;true;;"(2,6)";0610;Information and communication technologies - ICT;;27.02.2014;30.09.2021
HU BUDAPES02;Chorwacja;BUDAPESTI M?SZAKI ÉS GAZDASAGTUDOMANYI EGYETEM;W7;Inżynierii Środowiska;true;;true;;false;;"(2,5)";0850;Environmental protection (broad programmes);;04.02.2014;30.09.2021
HU SZEGED01;Chorwacja;SZEGEDI TUDOMÁNYEGYETEM;W8N;Zarządzania;true;;true;;false;;"(2,5)";0340;Business and Administration;;04.02.2014;30.09.2021
I BOLOGNA01;Włochy;UNIVERSITA DI BOLOGNA;W2;Budownictwa;true;;true;;false;;"(4,10)";0732;Building and civil engineering;;19.11.2015;30.09.2021
I CAGLIAR01;Włochy;UNIVERSIT? DEGLI STUDI DI CAGLIARI;W1;Architektury;false;;true;;false;;"(2,6)";0580;Architecture and building;;13.03.2014;30.09.2021
I CAGLIAR01;Włochy;UNIVERSIT? DEGLI STUDI DI CAGLIARI;W2;Budownictwa;false;;true;;false;;"(6,10)";0582;Building and civil engineering;;13.03.2014;30.09.2021
I CHIETI01;Włochy;UNIVERSITA DEGLI STUDI CHIETI PESCARA;W2;Budownictwa;true;;true;;true;;"(2,5)";0582;Building and civil engineering;;12.02.2015;30.09.2021
I MILANO01;Włochy;UNIVERSIT? DEGLI STUDI DI MILANO;W13;Matematyki;true;;true;;false;;"(2,6)";0460;Mathematics and statistics;;28.04.2014;30.09.2021
I MILANO02;Włochy;POLITECNICO DI MILANO;W4N;Informatyki i Telekomunikacji;true;;true;;false;;"(1,10)";0610;Information and communication technologies - ICT;;30.01.2014;30.09.2021
I MILANO02;Włochy;POLITECNICO DI MILANO;W7;Inżynierii Środowiska;true;;false;;false;;"(1,10)";0710;Engineering and engineering trades;;30.01.2014;30.09.2021
I MILANO02;Włochy;POLITECNICO DI MILANO;W5;Elektryczny;true;;false;;false;;"(1,10)";0713;Electricity and energy;;30.01.2014;30.09.2021
I MILANO02;Włochy;POLITECNICO DI MILANO;W1;Architektury;true;;true;;false;;"(3,10)";0731;Architecture and town planning;;30.01.2014;30.09.2021
I PADOVA01;Włochy;UNIVERSIT? DEGLI STUDI DI PADOVA;W7;Inżynierii Środowiska;false;;true;;false;;"(2,6)";0520;Engineering and engineering trades;;14.03.2014;30.09.2021
I PADOVA01;Włochy;UNIVERSIT? DEGLI STUDI DI PADOVA;W2;Budownictwa;true;;true;;true;;"(3,10)";0582;Building and civil engineering;;17.09.2014;30.09.2021
I PERUGIA01;Włochy;UNIVERSIT? DEGLI STUDI DI PERUGIA;W3;Chemiczny;true;;true;;true;;"(2,5)";0727;Pharmacy;;09.01.2014;30.09.2021
I PISA01;Włochy;UNIVERSIT? DI PISA;W4N;Informatyki i Telekomunikacji;true;;true;;false;;"(2,10)";0610;Information and communication technologies - ICT;;18.05.2015;30.09.2021
I PISA01;Włochy;UNIVERSIT? DI PISA;W2;Budownictwa;true;;true;;false;;"(2,10)";0582;Building and civil engineering;;01.10.2014;30.09.2021
I ROMA02;Włochy;UNIVERSIT? DEGLI STUDI DI ROMA 'TOR VERGATA';W3;Chemiczny;true;;true;;true;;"(2,10)";0442;Chemistry;;03.04.2014;30.09.2021
I SIENA01;Włochy;UNIVERSITA DEGLI STUDI DI SIENA;W3;Chemiczny;true;;true;;false;;"(2,6)";0442;Chemistry;;13.10.2014;30.09.2021
I TORINO02;Włochy;POLITECNICO DI TORINO;PWr;Ogólnouczelniana;true;;true;;false;;"(1,10)";0712;Environmental protection technology;;14.01.2014;30.09.2021
I TORINO02;Włochy;POLITECNICO DI TORINO;W1;Architektury;true;;true;;true;;"(5,10)";0731;Architecture and town planning;;14.01.2014;30.09.2021
IRL GALWAY01;Irlandia;NATIONAL UNIVERSITY OF IRELAND, GALWAY;W2;Budownictwa;true;;true;;true;;"(2,10)";0582;Building and civil engineering;;29.04.2014;30.09.2021
IS REYKJAV05;Islandia;HASKOLLIN REYKJAVIK;W3;Chemiczny;true;;true;;true;;"(2,10)";0442;Chemistry;;26.05.2014;30.09.2021
LV RIGA02;Litwa;RIGA TECHNICAL UNIVERSITY;W2;Budownictwa;true;;true;;false;;"(2,5)";0582;Building and civil engineering;;01.09.2015;30.09.2021
LV RIGA02;Litwa;RIGA TECHNICAL UNIVERSITY;W5;Elektryczny;true;;true;;false;;"(2,6)";0713;Electricity and energy;;14.11.2016;30.09.2021
LV RIGA02;Litwa;RIGA TECHNICAL UNIVERSITY;W12N;Elektroniki Fotoniki i Mikrosystemów;true;;true;;false;;"(2,6)";0714;Electronics and automation;;14.11.2016;30.09.2021
N TRONDHE01;Norwagia;NORWEGIAN UNIVERSITY OF SCIENCE AND TECHNOLOGY;W12N;Elektroniki Fotoniki i Mikrosystemów;true;;true;;false;;"(2,10)";0523;Electronics and automation;;21.04.2017;30.09.2021
NL DELFT01;Holandia;TECHNISCHE UNIVERSITEIT DELFT;W6;Geoinżynierii, Górnictwa i Geologii;false;;true;;false;;"(30,5)";0724;Mining and extraction;;22.04.2014;30.09.2021
NL EINDHOV17;Holandia;TECHNISCHE UNIVERSITEIT EINDHOVEN;W8N;Zarządzania;true;;true;;false;;"(2,10)";0410;Business and Administration;;19.01.2018;30.09.2021
NL GRONING01;Holandia;RIJKSUNIVERSITEIT GRONINGEN;W11;Podstawowych Problemów Techniki;false;;true;;false;;"(2,10)";0610;Information and communication technologies - ICT;;14.01.2014;30.09.2021
NL NIJMEGE01;Holandia;RADBOUD UNIVERSITY;W1;Architektury;true;;true;;false;;"(2,10)";0580;Architecture and building;;18.08.2014;30.09.2021
P AVEIRO01;Portugalia;UNIVERSIDADE DE AVEIRO;W11;Podstawowych Problemów Techniki;true;;true;;false;;"(2,6)";0533;Earth sciences;;03.02.2015;30.09.2021
P AVEIRO01;Portugalia;UNIVERSIDADE DE AVEIRO;W4N;Informatyki i Telekomunikacji;true;;true;;true;;"(2,10)";0481;Computer science;;10.02.2014;30.09.2021
P BRAGA01;Portugalia;UNIVERSIDADE DO MINHO;W1;Architektury;false;;true;;false;;"(2,10)";0581;Architecture and town planning;;18.11.2013;30.09.2021
P BRAGA01;Portugalia;UNIVERSIDADE DO MINHO;W1;Architektury;false;;true;;true;;"(4,10)";0582;Building and civil engineering;;18.11.2013;30.09.2021
P BRAGA01;Portugalia;UNIVERSIDADE DO MINHO;W2;Budownictwa;true;;false;;false;;"(2,6)";0582;Building and civil engineering;;18.11.2013;30.09.2021
P BRAGANC01;Portugalia;INSTITUTO POLITÉCNICO DE BRAGANÇA;W8N;Zarządzania;true;;true;;false;;"(4,5)";0410;Business and Administration;;31.07.2015;30.09.2021
P BRAGANC01;Portugalia;INSTITUTO POLITÉCNICO DE BRAGANÇA;W4N;Informatyki i Telekomunikacji;true;;true;;false;;"(4,5)";0610;Information and communication technologies - ICT;;31.07.2015;30.09.2021
P BRAGANC01;Portugalia;INSTITUTO POLITÉCNICO DE BRAGANÇA;W5;Elektryczny;true;;true;;false;;"(4,5)";0522;Electricity and energy;;29.01.2014;30.09.2021
P CASTELO01;Portugalia;INSTITUTO POLITÉCNICO DE CASTELO BRANCO;W4N;Informatyki i Telekomunikacji;true;;true;;false;;"(2,10)";0480;Informatics, computer science;;14.03.2014;30.09.2021
P COIMBRA01;Portugalia;UNIVERSIDADE DE COIMBRA;W5;Elektryczny;true;;true;;false;;"(2,9)";0522;Electricity and energy;;14.01.2014;30.09.2021
P COIMBRA01;Portugalia;UNIVERSIDADE DE COIMBRA;W1;Architektury;true;;true;;false;;"(1,10)";0581;Architecture and town planning;;27.01.2015;30.09.2021
P COIMBRA02;Portugalia;POLYTECHNIC INSTITUTE OF COIMBRA;W8N;Zarządzania;true;;true;;false;;"(4,6)";0410;Business and Administration;;10.01.2017;30.09.2021
P COIMBRA02;Portugalia;POLYTECHNIC INSTITUTE OF COIMBRA;W4N;Informatyki i Telekomunikacji;true;;true;;false;;"(2,5)";0610;Information and communication technologies - ICT;;10.01.2017;30.09.2021
P COIMBRA02;Portugalia;POLYTECHNIC INSTITUTE OF COIMBRA;W7;Inżynierii Środowiska;true;;true;;false;;"(2,5)";0712;Environmental protection technology;;10.01.2017;30.09.2021
P COIMBRA02;Portugalia;POLYTECHNIC INSTITUTE OF COIMBRA;W10;Mechaniczny;true;;true;;false;;"(2,5)";0715;Mechanics and metal trades;;10.01.2017;30.09.2021
P COIMBRA02;Portugalia;POLYTECHNIC INSTITUTE OF COIMBRA;W11;Podstawowych Problemów Techniki;true;;true;;false;;"(1,5)";0533;Physics;;10.01.2017;30.09.2021
P LISBOA03;Portugalia;UNIVERSIDADE NOVA DE LISBOA;W4N;Informatyki i Telekomunikacji;true;;true;;false;;"(2,10 )";0610;Information and communication technologies - ICT;;13.02.2014;30.09.2021
P LISBOA03;Portugalia;UNIVERSIDADE NOVA DE LISBOA;W5;Elektryczny;true;;true;;false;;"(3,6)";0713;Electricity and energy;;07.03.2014;30.09.2021
P LISBOA03;Portugalia;UNIVERSIDADE NOVA DE LISBOA;W2;Budownictwa;true;;true;;true;;"(2,6)";0732;Building and civil engineering;;14.01.2014;30.09.2021
P LISBOA05;Portugalia;ISEL LISBOA;W4N;Informatyki i Telekomunikacji;true;;true;;false;;"(2,10)";0610;Information and communication technologies - ICT;;09.06.2016;30.09.2021
P LISBOA05;Portugalia;ISEL LISBOA;W3;Chemiczny;true;;true;;false;;"(2,10)";0711;Chemical engineering and processes;;29.04.2015;30.09.2021
P LISBOA109;Portugalia;TECNICO LISBOA (UNIVERSIDADE DE LISBOA);W4N;Informatyki i Telekomunikacji;false;;true;;false;;"(2,10)";0611;Computer use;;08.04.2016;30.09.2021
P LISBOA109;Portugalia;TECNICO LISBOA (UNIVERSIDADE DE LISBOA);W12N;Elektroniki Fotoniki i Mikrosystemów;false;;true;;false;;"(2,10)";0713;Electricity and energy;;13.02.2014;30.09.2021
P LISBOA109;Portugalia;TECNICO LISBOA (UNIVERSIDADE DE LISBOA);W13;Matematyki;false;;true;;false;;"(2,6)";0460;Mathematics and statistics;;17.03.2015;30.09.2021
P LISBOA109;Portugalia;TECNICO LISBOA (UNIVERSIDADE DE LISBOA);W1;Architektury;true;;true;;false;;"(2,10)";0580;Architecture and building;;19.01.2017;30.09.2021
P PORTO02;Portugalia;UNIVERSIDADE DO PORTO;W2;Budownictwa;false;;true;;false;;"(2,5)";0732;Building and civil engineering;;25.10.2016;30.09.2021
P SETUBAL01;Portugalia;INSTITUTO POLITÉCNICO DE SETÚBAL;W7;Inżynierii Środowiska;true;;false;;false;;"(2,5)";0712;Environmental protection technology;;27.05.2014;30.09.2021
P SETUBAL01;Portugalia;INSTITUTO POLITÉCNICO DE SETÚBAL;W8N;Zarządzania;true;;false;;false;;"(4,5)";0340;Business and Administration;;27.05.2014;30.09.2021
P SETUBAL01;Portugalia;INSTITUTO POLITÉCNICO DE SETÚBAL;W4N;Informatyki i Telekomunikacji;true;;true;;false;;"(2,10)";0481;Computer science;;27.05.2014;30.09.2021
P SETUBAL01;Portugalia;INSTITUTO POLITÉCNICO DE SETÚBAL;W10;Mechaniczny;true;;true;;false;;"(2,10)";0521;Mechanics and metal work;;27.05.2014;30.09.2021
P SETUBAL01;Portugalia;INSTITUTO POLITÉCNICO DE SETÚBAL;W5;Elektryczny;true;;true;;false;;"(2,5)";0522;Electricity and energy;;27.05.2014;30.09.2021
RO IASI02;Rumunia;ALEKSANDRU IOAN CUZA UNIVERSITY OF IASI;W3;Chemiczny;false;;true;;true;;"(2,10)";0531;Chemistry;;04.04.2017;30.09.2021
RO TIMISOA04;Rumunia;UNIVERSITATEA POLITEHNICA TIMISOARA;W3;Chemiczny;true;;true;;false;;"(2,10)";0711;Chemical engineering and processes;;30.09.2015;30.09.2021
RO TIMISOA04;Rumunia;UNIVERSITATEA POLITEHNICA TIMISOARA;W2;Budownictwa;true;;true;;true;;"(2,5)";0732;Building and civil engineering;;29.03.2017;30.09.2021
S KARLSKR01;Szwecja;BLEKINGE TEKNISKA HÖGSKOLA;W4N;Informatyki i Telekomunikacji;false;;true;;false;;"(10,5)";0610;Information and communication technologies - ICT;;28.03.2014;30.09.2021
S KARLSKR01;Szwecja;BLEKINGE TEKNISKA HÖGSKOLA;W4N;Informatyki i Telekomunikacji;true;;true;;false;;"(15,5)";0610;Information and communication technologies - ICT;;14.01.2014;30.09.2021
S MALMO01;Szwecja;MALMÖ HÖGSKOLA;W1;Architektury;true;;true;;false;;"(2,10)";0731;Architecture and town planning;;29.01.2017;30.09.2021
S TROLLHA01;Szwecja;HÖGSKOLAN VAST;W10;Mechaniczny;true;;true;;false;;"(2,5)";0710;Engineering and engineering trades;;27.02.2014;30.09.2021
S UMEA01;Szwecja;UME? UNIVERSITET;W11;Podstawowych Problemów Techniki;true;;true;;false;;"(2,10)";0441;Physics;;17.01.2014;30.09.2021
S VAXJO03;Szwecja;LINNAEUS UNIVERSITY;W9;Mechaniczno-Energetyczny;true;;true;;false;;"(3,10)";0710;Engineering and engineering trades;;13.05.2014;30.09.2021
SF ESPOO12;Finlandia;AALTO UNIVERSITY;W6;Geoinżynierii, Górnictwa i Geologii;false;;true;;false;;"(1,10)";0520;Engineering and engineering trades;;20.03.2014;30.09.2021
SF JOENSUU09;Finlandia;POHJOIS-KARJALAN AMMATTIKORKEAKOULU;PWr;Ogólnouczelniana;true;;true;;false;;"(2,5)";0710;Engineering and engineering trades;;17.01.2014;30.09.2021
SF JOENSUU09;Finlandia;POHJOIS-KARJALAN AMMATTIKORKEAKOULU;W4N;Informatyki i Telekomunikacji;true;;true;;false;;"(2,10)";0481;Computer science;;26.03.2014;30.09.2021
SF LAPPEEN01;Finlandia;LAPPEENRANTA UNIVERSITY OF TECHNOLOGY;W13;Matematyki;false;;true;;true;;"(1,10)";0540;Mathematics and statistics;;20.02.2015;30.09.2021
SF LAPPEEN01;Finlandia;LAPPEENRANTA UNIVERSITY OF TECHNOLOGY;W12N;Elektroniki Fotoniki i Mikrosystemów;false;;true;;true;;"(1,10)";0610;Information and communication technologies - ICT;;20.02.2015;30.09.2021
SF LAPPEEN01;Finlandia;LAPPEENRANTA UNIVERSITY OF TECHNOLOGY;W7;Inżynierii Środowiska;true;;true;;false;;"(2,5)";0850;Environmental protection (broad programmes);;27.05.2016;30.09.2021
SF LAPPEEN07;Finlandia;SAIMAAN AMMATTIKORKEAKOULU;W10;Mechaniczny;true;;false;;false;;"(2,5)";0700;Engineering, manufacturing and construction;;14.01.2014;30.09.2021
SF OULU01;Finlandia;UNIVERSITY OF OULU;W12N;Elektroniki Fotoniki i Mikrosystemów;true;;true;;false;;"(2,12)";0523;Electronics and automation;;11.03.2015;30.09.2021
SF TURKU05;Finlandia;TURUN AMMATTIKORKEAKOULU;W10;Mechaniczny;true;;true;;false;;"(2,10)";0521;Mechanics and metal work;;14.04.2014;30.09.2021
SI LJUBLJA01;Słowenia;UNIVERSITY OF LJUBLJANA;W5;Elektryczny;true;;true;;true;;"(2,6)";0710;Engineering and engineering trades;;14.01.2014;30.09.2021
SK BANSKA01;Słowacja;UNIVERZITA MATEJA BELA;W3;Chemiczny;true;;true;;true;;"(2,5)";0442;Chemistry;;19.03.2014;30.09.2021
SK BRATISL01;Słowacja;SLOVENSKÁ TECHNICKÁ  UNIVERZITA V BRATISLAVE;W4N;Informatyki i Telekomunikacji;true;;true;;true;;"(6,10)";0710;Engineering and engineering trades;;17.12.2014;30.09.2021
SK BRATISL01;Słowacja;SLOVENSKÁ TECHNICKÁ  UNIVERZITA V BRATISLAVE;W1;Architektury;true;;true;;false;;"(4,5)";0581;Architecture and town planning;;15.05.2014;30.09.2021
SK ZILINA01;Słowacja;ZILINSKA UNIVRZITA V ZILINE;W10;Mechaniczny;true;;true;;false;;"(2,5)";0521;Mechanics and metal work;;22.06.2016;30.09.2021
SK ZILINA01;Słowacja;ZILINSKA UNIVRZITA V ZILINE;W2;Budownictwa;true;;true;;true;;"(3,5)";0582;Building and civil engineering;;24.02.2014;30.09.2021
TR AKSARAY01;Turcja;AKSARAY UNIVERSITESI;W6;Geoinżynierii, Górnictwa i Geologii;true;;true;;false;;"(2,5)";0724;Mining and extraction;;09.02.2015;30.09.2021
TR ANKARA01;Turcja;ANKARA UNIVERSITY;W3;Chemiczny;true;;true;;true;;"(4,6)";0531;Chemistry;;12.11.2014;30.09.2021
TR ANKARA18;Turcja;TED UNIVERSITY;W4N;Informatyki i Telekomunikacji;true;;true;;true;;"(2,10)";0610;Information and communication technologies - ICT;;15.04.2014;30.09.2021
TR ANKARA05;Turcja;ATILIM UNIVERSITY;W3;Chemiczny;true;;true;;true;;"(2,10)";0711;Chemical Engineering;;05.05.2017;30.09.2021
TR BURSA01;Turcja;ULUDAG UNIVERSITESI;W11;Podstawowych Problemów Techniki;true;;true;;true;;"(3,10)";0533;Earth sciences;;15.01.2014;30.09.2021
TR DENZILI01;Turcja;PAMUKKALE UNIVERSITY;W3;Chemiczny;true;;true;;false;;"(2,5)";0711;Chemical engineering and processes;;15.02.2017;30.09.2021
TR ELAZIG01;Turcja;FIRAT ÜNIVERSITESI;W3;Chemiczny;true;;true;;false;;"(2,10)";0442;Chemistry;;25.08.2014;30.09.2021
TR ELAZIG01;Turcja;FIRAT ÜNIVERSITESI;W3;Chemiczny;true;;true;;false;;"(2,10)";0524;Chemical and process;;25.08.2014;30.09.2021
TR GAZIANT01;Turcja;GAZIANTEP UNIVERSITESI;W8N;Zarządzania;false;;true;;false;;"(2,5)";0410;Business and Administration;;23.01.2018;30.09.2021
TR GAZIANT03;Turcja;HASAN KALYONCU ÜNIVERSITESI;W1;Architektury;true;;true;;false;;"(2,10)";0580;Architecture and building;;01.10.2015;30.09.2021
TR ISTANBU04;Turcja;ISTANBUL TEKNIK ÜNIVERSITESI;W3;Chemiczny;true;;true;;false;;"(4,10)";0442;Chemistry;;08.01.2013;30.09.2021
TR ISTANBU04;Turcja;ISTANBUL TEKNIK ÜNIVERSITESI;W4N;Informatyki i Telekomunikacji;true;;true;;false;;"(2,5)";0481;Computer science;;01.11.2013;30.09.2021
TR ISTANBU04;Turcja;ISTANBUL TEKNIK ÜNIVERSITESI;W10;Mechaniczny;true;;false;;false;;"(1,10)";0521;Mechanics and metal work;;01.11.2013;30.09.2021
TR ISTANBU07;Turcja;YILDIZ TEKNIK UNIVERSITESI;W3;Chemiczny;true;;true;;true;;"(4,10)";0711;Chemical engineering and processes;;16.12.2015;30.09.2021
TR ISTANBU19;Turcja;ISTANBUL KULTUR UNIVERSITESI;W2;Budownictwa;true;;true;;false;;"(2,5)";0582;Building and civil engineering;;01.10.2014;30.09.2021
TR IZMIR02;Turcja;EGE ÜNIVERSITESI;W3;Chemiczny;false;;true;;true;;"(2,5)";0511;Biology;;10.01.2017;30.09.2021
TR IZMIR03;Turcja;IZMIR YUKSEK TEKNOLOJI ENSTITUSU - IZTECH;W3;Chemiczny;false;;true;;false;;"(2,6)";0511;Biology;;01.10.2015;30.09.2021
TR KONYA01;Turcja;SELCUK UNIVERSITESI;W10;Mechaniczny;true;;true;;false;;"(2,10)";0710;Engineering and engineering trades;;01.10.2014;30.09.2021
TR KONYA01;Turcja;SELCUK UNIVERSITESI;W10;Mechaniczny;true;;true;;true;;"(5,5)";0710;Engineering and engineering trades;;01.10.2014;30.09.2021
TR KONYA01;Turcja;SELCUK UNIVERSITESI;W1;Architektury;true;;false;;false;;"(4,10)";0731;Architecture and town planning;;01.10.2014;30.09.2021
TR KUTAHYA01;Turcja;TC.DUMLUPINAR UNIVERSITESI;W6;Geoinżynierii, Górnictwa i Geologii;false;;true;;false;;"(1,10)";0710;Engineering and engineering trades;;05.03.2014;30.09.2021
TR SAMSUN01;Turcja;ONDOKUZ MAYIS UNIVERSITY;W3;Chemiczny;true;;true;;false;;"(2,5)";0442;Chemistry;;25.03.2016;30.09.2021
TR USAK01;Turcja;USAK UNIVERSITESI;W3;Chemiczny;true;;true;;false;;"(3,10)";0711;Chemical engineering and processes;;23.01.2015;30.09.2021
TR USAK01;Turcja;USAK UNIVERSITESI;W10;Mechaniczny;true;;true;;false;;"(3,10)";0715;Mechanics and metal trades;;23.01.2015;30.09.2021
TR USAK01;Turcja;USAK UNIVERSITESI;W2;Budownictwa;true;;true;;false;;"(3,10)";0732;Building and civil engineering;;23.01.2015;30.09.2021
TR ZONGULD01;Turcja;BÜLENT ECEV?T UNIVERSITY;W6;Geoinżynierii, Górnictwa i Geologii;true;;true;;true;;"(2,5)";0532;Earth sciences;;28.04.2016;30.09.2021
TR ISTANBU03;Turcja;ISTANBUL UNIVERSITY;W6;Geoinżynierii, Górnictwa i Geologii;true;;true;;true;;"(2,10)";0710;Engineering and engineering trades;;18.01.2018;30.09.2021
TR GAZIANT01;Turcja;GAZIANTEP UNIVERSITESI;W8N;Zarządzania;false;;true;;false;;"(2,5)";0410;Business and Administration;;23.01.2018;30.09.2021
TR ISTANBU04;Turcja;ISTANBUL TECHNICAL UNIVERSITY;W3;Chemiczny;true;3|4;true;;true;;"(2,10)";0711;Chemical Engineering and Process;;24.01.2018;30.09.2021
SK KOSICE03;Słowacja;TECHNICAL UNIVERSITY OF KOSICE;W5;Elektryczny;true;;true;;true;;"(2,6)";0713;Electricity and Energy;;02.02.2018;30.09.2021
E MADRID05;Hiszpania;UNIVERSIDAD POLITECNICA DE MADRID;W6;Geoinżynierii, Górnictwa i Geologii;true;;true;;false;;"(4,10)";0600;Engineering Technology;;26.01.2018;30.09.2021
E CIUDA-RO01;Hiszpania;UNIVERSIDAD DE CASTILLA-LA MANCHA;W2;Budownictwa;true;;true;;true;;"(2,5)";0732;Building and Civil Engineering;;01.03.2018;30.09.2021
SF MIKKELI07;Finlandia;SOUTH-EASTERN UNIVERSITY OF APPLIED SCIENCES;W7;Inżynierii Środowiska;true;;false;;false;;"(2,10)";0850;Environmental Protection;;23.11.2017;30.09.2021
SF MIKKELI07;Finlandia;SOUTH-EASTERN UNIVERSITY OF APPLIED SCIENCES;W2;Budownictwa;true;;false;;false;;"(2,10)";0582;Building and Civil Engineering;;23.11.2017;30.09.2021
I PERUGIA01;Włochy;UNIVERSIT? DEGLI STUDI DI PERUGIA;W2;Budownictwa;false;;true;;false;;"(2,5)";0582;Building and Civil Engineering;;28.02.2018;30.09.2021
E LAS-PAL01;Hiszpania;UNIVERSIDAD DE LAS PALMAS DE GRAN CANARIA;W4N;Informatyki i Telekomunikacji;true;;true;;false;;"(4,10)";0610;Information and communication technologies - ICT;;02.02.2018;30.09.2021
TR EDIRNE01;Turcja;TRAKYA UNIVERSITY;W9;Mechaniczno-Energetyczny;true;;true;;false;;"(1,10)";0715;Mechanics and Metal Trades;;16.03.2018;30.09.2021
E LOGRONO01;Hiszpania;UNIVERSIDAD DE LA RIOJA;W9;Mechaniczno-Energetyczny;true;;true;;false;;"(2,6)";0710;Engineering and engineering trades;;16.03.2018;30.09.2021
SF KUOPIO08;Finlandia;SAVONIA AMMATTIKORKEAKOULU;W1;Architektury;true;;true;;false;;"(1,10)";0580;Architecture and building;;05.04.2018;30.09.2021
B BRUSSEL01;Belgia;VRIJE UNIVERSITEIT BRUSSEL;W12N;Elektroniki Fotoniki i Mikrosystemów;false;;true;;false;;"(2,10)";0713;Photonics;;29.03.2017;30.09.2021
TR ISTANBU04;Turcja;ISTANBUL TECHNICAL UNIVERSITY;W6;Geoinżynierii, Górnictwa i Geologii;true;;true;;false;;"(2,10)";0710;Engineering and engineering trades, not further defined (06.0 - 5, 52, 520);;04.04.2018;30.09.2021
HU BUDAPES02;Węgry;BUDAPEST UNIVERSITY OF TECHNOLOGY AND ECONOMICS;W3;Chemiczny;true;;true;;false;;"(2,5)";0711;Chemical Engineering and processes;;04.04.2018;30.09.2021
RO BUCURES07;Rumunia;ION MINCU UNIVERSITY OF ARCHITECTURE AND URBANISM;W1;Architektury;true;;true;;false;;"(2,10)";0580;Architecture and building;;08.05.2018;30.09.2021
D DRESDEN02;Niemcy;TECHNISCHE UNIVERSITÄT DRESDEN;W13;Matematyki;true;;true;;true;;"(2,10)";0540;Mathematics and statistics, not further defined (11.0 - 4, 46);;18.05.2018;30.09.2021
E MADRID05;Hiszpania;UNIVERSIDAD POLITECNICA DE MADRID;W1;Architektury;false;;true;;false;;"(2,5)";0731;Urban Planning;;08.05.2018;30.09.2021
TR AFYON01;Turcja;AFYON KOCATEPE UNIVERSITESI;W2;Budownictwa;false;;true;;false;;"(2,5)";0582;Building and Civil Engineering;;05.06.2018;30.09.2021
B LEUVEN01;Belgia;KU LEUVEN;W4N;Informatyki i Telekomunikacji;false;;true;;false;;"(2,5)";0710;Engineering and engineering trades;;23.06.2015;30.09.2021
E MADRID05;Hiszpania;UNIVERSIDAD POLITECNICA DE MADRID;W12N;Elektroniki Fotoniki i Mikrosystemów;false;;true;;true;;"(2,10)";0714;Electronics and automation;;17.05.2018;30.09.2021
E MADRID05;Hiszpania;UNIVERSIDAD POLITECNICA DE MADRID;W5;Elektryczny;true;;true;;true;;"(1,6)";0713;Electrical Energy;;17.05.2018;30.09.2021
SI LJUBLJA01;Słowenia;UNIVERSITY OF LJUBLJANA;W9;Mechaniczno-Energetyczny;false;;true;;true;;"(2,10)";0715;Mechanics and Metal Trades;;19.10.2018;30.09.2021
HR SPLIT01;Węgry;UNIVERSITY OF SPLIT;W2;Budownictwa;false;;true;;false;;"(2,5)";0732;Building and civil engineering;;11.06.2018;30.09.2021
D FLENSBU02;Niemcy;HOCHSCHULE FLENSBURG;W3;Chemiczny;true;;true;;false;;"(2,5)";0700;Engineering, manufacturing and construction (Bio-and Food processing and related sciences);;06.06.2018;30.09.2021
TR AFYON01;Turcja;AFYON KOCATEPE UNIVERSITESI;W2;Budownictwa;false;;true;;false;;"(2,5)";0582;Building and civil engineering;;22.05.2018;30.09.2021
P PORTO05;Portugalia;INSTITUTO POLITECNICO DO PORTO;W3;Chemiczny;true;;true;;false;;"(2,10)";0711;Chemical Engineering;;05.07.2018;30.09.2021
P PORTO05;Portugalia;INSTITUTO POLITECNICO DO PORTO;W10;Mechaniczny;true;;true;;false;;"(2,10)";0715;Mechanical Engineering;;05.07.2018;30.09.2021
P PORTO05;Portugalia;INSTITUTO POLITECNICO DO PORTO;W9;Mechaniczno-Energetyczny;true;;true;;false;;"(2,10)";0715;Mechanical Engineering;;05.07.2018;30.09.2021
SI LJUBLJA01;Słowenia;UNIVERSITY OF LJUBLJANA;W1;Architektury;true;;true;;false;;"(1,10)";0731;Architecture and town planning;;04.07.2018;30.09.2021
F LILLE91;Francja;IMT LILLE DOUAI;W9;Mechaniczno-Energetyczny;true;;true;;false;;"(2,10)";0715;Mechanics and Metal Trades;;18.05.2018;30.09.2021
F LILLE91;Francja;IMT LILLE DOUAI;W5;Elektryczny;true;;true;;false;;"(2,10)";0522;Electricity and Energy;;18.05.2018;30.09.2021
F LILLE91;Francja;IMT LILLE DOUAI;W7;Inżynierii Środowiska;true;;true;;false;;"(2,10)";0850;Environmental Protection;;18.05.2018;30.09.2021
F LILLE91;Francja;IMT LILLE DOUAI;W4N;Informatyki i Telekomunikacji;true;;true;;false;;"(2,10)";0481;Computer Science;;18.05.2018;30.09.2021
P PORTO02;Portugalia;UNIVERSITY OF PORTO;W9;Mechaniczno-Energetyczny;false;;true;;false;;"(2,5)";0715;Mechanics and Metal Trades;;22.10.2018;30.09.2021
NL DELFT01;Holandia;TECHNISCHE UNIVERSITEIT DELFT;W3;Chemiczny;false;;false;;true;;"(1,10)";0711;Chemical Engineering;;07.11.2018;30.09.2021
RO IASI05;Rumunia;“GHEORGHE ASACHI” TECHNICAL UNIVERSITY OF IASI;W3;Chemiczny;false;;true;;true;;"(2,5)";0711;Chemical engineering;;09.11.2018;30.09.2021
RO IASI05;Rumunia;“GHEORGHE ASACHI” TECHNICAL UNIVERSITY OF IASI;W7;Inżynierii Środowiska;false;;true;;true;;"(2,5)";0712;Environmental engineering;;09.11.2018;30.09.2021
SK ZILINA01;Słowacja;ZILINSKA UNIVRZITA V ZILINE;W4N;Informatyki i Telekomunikacji;true;;true;;true;;"(2,10)";0610;Information and Communication Technologies;;09.11.2018;30.09.2021
SK ZILINA01;Słowacja;ZILINSKA UNIVRZITA V ZILINE;W2;Budownictwa;false;;true;;false;;"(2,10)";0732;Building and civil engineering;;09.11.2018;30.09.2021
BG PLOVDIV05;Bułgaria;UNVIERSITY OD FOOD TECHNOLOGIES PLOVDIV;W15;Wydział Zamiejscowy PWr;true;;true;;true;;"(2,5)";0712;"Energy efficiency; Environmental engineering";;17.10.2018;30.09.2021
RO PETROSA01;Rumunia;UNIVERSITY OF PETROSANI;W10;Mechaniczny;true;;true;;true;;"(5,10)";0710;Engineering and enginerring trades;;30.11.2018;30.09.2021
TR ISTANBU64;Turcja;ISTANBUL UNIVERSITY-CERRAHPASA;W3;Chemiczny;true;;true;;true;;"(2,10)";0531;Chemistry;;29.11.2018;30.09.2021
F PARIS376;Francja;INSTITUT SUPERIEUR D'ELECTRONIQUE DE PARIS (ISEP);W4N;Informatyki i Telekomunikacji;true;;true;;false;;"(5,5)";0610;Information and Communication Technologies (ICTs);;07.12.2018;30.09.2021
NL EINDHOV17;Holandia;TECHNISCHE UNIVERSITEIT EINDHOVEN;W13;Matematyki;true;;true;;false;;"(2,10)";0540;Mathematics and statistics, not further defined (11.0 - 4, 46);;12.12.2018;30.09.2021
TR ANKARA18;Turcja;TED UNIVERSITY;W10;Mechaniczny;true;;true;;false;;"(2,10)";0715;Mechanical Engineering;;18.12.2018;30.09.2021
TR ISTANBU64;Turcja;ISTANBUL UNIVERSITY-CERRAHPASA;W3;Chemiczny;true;;true;;true;;"(2,10)";0711;Chemical Engineering;;20.12.2018;30.09.2021
G ATHINE02;Grecja;NATIONAL  TECHNICAL UNIVERSITY OF ATHENS-NTUA;W2;Budownictwa;false;;true;;false;;"(2,5)";0582;Building and civil engineering;;18.01.2019;30.09.2021
G ATHINE02;Grecja;NATIONAL  TECHNICAL UNIVERSITY OF ATHENS-NTUA;W10;Mechaniczny;true;;true;;true;;"(2,5)";0521;Mechanics and metal work;;18.01.2019;30.09.2021
TR ESKISEH03;Turcja;ESKISEHIR TECHNICAL UNIVERSITY;W3;Chemiczny;true;;true;;true;;"(4,5)";0531;Chemistry;;22.01.2018;30.09.2021
TR ESKISEH03;Turcja;ESKISEHIR TECHNICAL UNIVERSITY;W3;Chemiczny;true;;true;;true;;"(2,5)";0711;Chemical Engineering and Processes;;22.01.2018;30.09.2021
CZ BRNO05;Czechy;MASARYK UNIVERSITY;W6;Geoinżynierii, Górnictwa i Geologii;false;;true;;true;;"(2,12)";0532;Earth sciences;;25.01.2018;30.09.2021
I FIRENZE01;Włochy;UNIVERSITY OF FLORENCE;W3;Chemiczny;false;;true;;true;;"(2,6)";0531;Chemistry;;28.01.2019;30.09.2021
RS NIS01;Serbia;UNIVERSITY OF NIS;W7;Inżynierii Środowiska;true;;true;;true;;"(2,5)";0712;Environmental protection technology;;28.01.2019;30.09.2021
RS NIS01;Serbia;UNIVERSITY OF NIS;W7;Inżynierii Środowiska;true;;true;;true;;"(2,5)";0710;Engineering and engineering trades;;28.01.2019;30.09.2021
F ANGERS01;Francja;UNIVERSITE D'ANGERS;W13;Matematyki;true;;true;;true;;"(4,5)";0541;Mathematics;;18.04.2019;30.09.2021
E CADIZ01;Hiszpania;UNIVERSIDAD DE CÁDIZ;W10;Mechaniczny;true;;true;;true;;"(1,10)";0521;Mechanical engineering;;09.05.2014;30.09.2021
E MADRID01;Hiszpania;UNIVERSIDAD NACIONAL DE EDUCACIÓN A DISTANCIA (UNED);W4N;Informatyki i Telekomunikacji;true;;true;;true;;"(2,5)";0610;Informatics, Computer Science;;04.11.2015;30.09.2021
E BARCELO03;Hiszpania;UNIVERSITAT POLIT?CNICA DE CATALU?A;W10;Mechaniczny;true;;true;;false;;"(2,10)";0715;Mechanics and metal trades;;01.06.2019;30.09.2021
F LILLE01/ F LILLE103;Francja;UNIVERSITE  LILLE1;W5;Elektryczny;true;3|4;true;;false;;"(2,10)";0713;Electrical Engineering;;01.06.2019;30.09.2021
F LILLE01/ F LILLE103;Francja;UNIVERSITE  LILLE1;W3;Chemiczny;true;;true;;false;;"(2,10)";0711;Chemical Engineering and Materials;;01.06.2019;30.09.2021
F ROUEN07;Francja;ESIGELEC School of engineering;W5;Elektryczny;true;;true;;true;;"(2,5)";0610;Information and communication tchnologies;;08.10.2019;01.10.2021
F ROUEN07;Francja;ESIGELEC School of engineering;W4N;Informatyki i Telekomunikacji;true;;true;;true;;"(2,5)";0710;Engineering and engineering trades;;08.10.2020;02.10.2021
F ROUEN07;Francja;ESIGELEC School of engineering;W10;Mechaniczny;true;;true;;true;;"(2,5)";0715;Mechanics amd Metal trades;;08.10.2021;03.10.2021
I NAPOLI09;Włochy;"Universita degli Studi della Campania ""Luigi Vanvitelli""";W4N;Informatyki i Telekomunikacji;true;;true;;false;;"(2,6)";0610;Information and Communication Technology;;26.06.2019;03.10.2021
I NAPOLI09;Włochy;"Universita degli Studi della Campania ""Luigi Vanvitelli""";W12N;Elektroniki Fotoniki i Mikrosystemów;true;;true;;false;;"(2,6)";0714;Electronics and automation;;26.06.2019;03.10.2021
TR IZMIR05;Turcja;YASAR UNIVERSITY;W1;Architektury;false;;true;;true;;"(2,5)";0731;Architekture;;20.11.2019;03.10.2021
D WUPPERT01;Niemcy;Bergische Universitat Wuppertal;W13;Matematyki;true;;true;;true;;"(5,5)";0541;Mathematics;;28.08.2019;03.10.2021
CZ BRNO01;Czechy;BRNO UNIVERSITY OF TECHNOLOGY (BUT);W10;Mechaniczny;true;;true;;true;;"(2,12)";0715;Mechanics and Metal trades;;27.11.2019;03.10.2021
CZ BRNO01;Czechy;BRNO UNIVERSITY OF TECHNOLOGY (BUT);W10;Mechaniczny;true;;true;;true;;"(2,12)";0722;Materials (glass, paper, plastic and wood);;27.11.2019;03.10.2021
CZ BRNO01;Czechy;BRNO UNIVERSITY OF TECHNOLOGY (BUT);W10;Mechaniczny;true;;true;;true;;"(2,12)";0732;Building and Civil Engineering;;27.11.2019;03.10.2021
CZ BRNO01;Czechy;BRNO UNIVERSITY OF TECHNOLOGY (BUT);W10;Mechaniczny;true;;true;;true;;"(2,12)";0710;Engineering and engineering trades;;27.11.2019;03.10.2021
CZ BRNO01;Czechy;BRNO UNIVERSITY OF TECHNOLOGY (BUT);W10;Mechaniczny;true;;true;;true;;"(2,12)";0700;Engineering, manufacturing and construction;;27.11.2019;03.10.2021
F NANTES 01;Francja;Universite de Nantes;W2;Budownictwa;false;;true;;true;;"(10,5)";0732;Building and Civil Engineering;;02.12.2019;30.09.2021
F NANTES 01;Francja;Universite de Nantes;W3;Chemiczny;false;;true;;true;;"(10,5)";0531;Chemistry;;02.12.2019;30.09.2021
F NANTES 01;Francja;Universite de Nantes;W12N;Elektroniki Fotoniki i Mikrosystemów;false;;true;;true;;"(10,5)";0714;Electronics and automation;;02.12.2019;30.09.2021
F NANTES 01;Francja;Universite de Nantes;W5;Elektryczny;false;;true;;true;;"(10,5)";0713;Electricity and Energy;;02.12.2019;30.09.2021
F NANTES 01;Francja;Universite de Nantes;W4N;Informatyki i Telekomunikacji;false;;true;;true;;"(10,5)";0613;Software and applications development and analysis;;02.12.2019;30.09.2021
F NANTES 01;Francja;Universite de Nantes;W11;Podstawowych Problemów Techniki;false;;true;;true;;"(10,5)";0533;Physics;;02.12.2019;30.09.2021
F LILLE103;Francja;Universite de Lille;W3;Chemiczny;false;;true;;false;;"(2,10)";0711;Chemical Engineering and Materials;;25.06.2019;30.09.2021
F LILLE103;Francja;Universite de Lille;W5;Elektryczny;false;;true;3|4;true;;"(2,10)";0713;Electrical Engineering;;25.06.2019;30.09.2021
F LILLE103;Francja;Universite de Lille;W10;Mechaniczny;false;;true;3|4;true;;"(2,10)";0715;Mechanics;;25.06.2019;30.09.2021
F LILLE103;Francja;Universite de Lille;W10;Mechaniczny;false;;true;3|4;true;;"(0,0)";0716;Motor vehicles, ships and aircraft;;25.06.2019;30.09.2021
E TENERIF01;Hiszpania;UNIVERSIDAD DE LA LAGUNA;W2;Budownictwa;true;;false;;false;;"(5,5)";0700;Building and Civil Engineering;;05.12.2019;30.09.2021
LT VILNIUS02;Łotwa;Vilnius Gediminas Technical University;W2;Budownictwa;false;;true;;true;;"(2,5)";0582;Building and Civil Engineering;;03.12.2019;30.09.2021
E OVIEDO01;Hiszpania;Universidad de Oviedo;W4N;Informatyki i Telekomunikacji;true;;false;;false;;"(2,9)";0481;Computer science;;03.12.2019;30.09.2021
F MONTPEL54;Francja;UNIVERSITE DE MONTPELLIER;W12N;Elektroniki Fotoniki i Mikrosystemów;true;;true;;false;;"(2,5)";0714;Electronics and Automation;;18.12.2019;30.09.2021
F MONTPEL55;Francja;UNIVERSITE DE MONTPELLIER;W7;Inżynierii Środowiska;true;;true;;false;;"(2,5)";0521;Environmental technologies;;18.12.2019;30.09.2021
F MONTPEL56;Francja;UNIVERSITE DE MONTPELLIER;W4N;Informatyki i Telekomunikacji;true;;true;;false;;"(2,5)";0610;Information and Communication Technologies;;18.12.2019;30.09.2021
F MONTPEL57;Francja;UNIVERSITE DE MONTPELLIER;W10;Mechaniczny;true;;true;;false;;"(2,5)";0715;Mechanics and Metal trades;;18.12.2019;30.09.2021
CZ PRAHA10;Czechy;CZECH TECHNICAL UNIVERSITY IN PRAGUE;W9;Mechaniczno-Energetyczny;false;;true;;false;;"(2,5)";0715;Mechanics amd Metal trades;;16.01.2020;30.09.2021
A LEOBEN01;Austria;Montanuniversitat Leoben;W6;Geoinżynierii, Górnictwa i Geologii;true;;true;;true;;"(2,5)";0700;Engineering;;16.01.2020;30.09.2021
SF JYVASKYL01;Finlandia;University of Jyvaskyla;W4N;Informatyki i Telekomunikacji;true;;true;;false;;"(2,10)";0481;Computer Science;;13.01.2020;30.09.2021
LV RIGA13;Łotwa;BA School of Business and Finance;W11;Podstawowych Problemów Techniki;true;;true;;false;;"(2,10)";0481;Computer Science;;04.02.2020;30.09.2021
CZ LIBEREC01;Czechy;Technical Univeristy of Liberec;W1;Architektury;false;;true;;true;;"(4,5)";0731;Architecture;;30.10.2019;30.09.2021
NL EINDHOV17;Holandia;TECHNISCHE UNIVERSITEIT EINDHOVEN;W4N;Informatyki i Telekomunikacji;true;;true;;false;;"(2,10)";0481;Computer Science;;19.01.2018;30.09.2021
I PALERMO01;Włochy;Universita degli Studi di Palermo;W8N;Zarządzania;true;;true;;false;;"(2,10)";0410;Business and Administration;;12.02.2020;30.09.2021
I COSENZA01;Włochy;Univeristy of Calabria;W10;Mechaniczny;true;;true;;true;;"(2,5)";0715;Mechanics and metal trades;;26.02.2020;30.09.2021
I CASSINO01;Włochy;Universita Degli Studi di Cassino e del Mazio Meridionale;W10;Mechaniczny;true;;true;;false;;"(2,9)";0715;Mechanics and metal trades;;12.02.2020;30.09.2021
I CASSINO01;Włochy;Universita Degli Studi di Cassino e del Mazio Meridionale;W10;Mechaniczny;true;;true;;false;;"(2,9)";0722;Materials (glass, paper, plastic and wood);;12.02.2020;30.09.2021
I CASSINO01;Włochy;Universita Degli Studi di Cassino e del Mazio Meridionale;W2;Budownictwa;true;;true;;false;;"(2,9)";0732;Building and civil engineering;;12.02.2020;30.09.2021
F LILLE25;Francja;ENSAP;W1;Architektury;true;;false;;false;;"(2,10)";0581;Architecture and town planning;;06.06.2015;30.09.2021
E LA-CORU01;Hiszpania;University of Coruna;W12N;Elektroniki Fotoniki i Mikrosystemów;true;;true;;false;;"(0,0)";0523;Electronics and automation;;28.01.2014;30.09.2021
P VILA-RE01;Portugalia;Universidade de Tras-os-Montes e Alto Douro;W4N;Informatyki i Telekomunikacji;true;;true;;true;;"(2,10)";0481;Computer Science;;06.07.1905;30.09.2021
B LEUVEN01;Belgia;KU LEUVEN;W4N;Informatyki i Telekomunikacji;false;;true;;false;;"(2,6)";0610;Computer science;;27.07.2020;30.09.2021
B LEUVEN01;Belgia;KU LEUVEN;W5;Elektryczny;false;;true;;false;;"(2,6)";0714;Electrical Engineering;;27.07.2020;30.09.2021
B LEUVEN01;Belgia;KU LEUVEN;W11;Podstawowych Problemów Techniki;false;;true;;false;;"(2,6)";0914;Biomedical Engineering;;27.07.2020;30.09.2021
TR BARTIN01;Turcja;Bartin University;W3;Chemiczny;true;;true;;false;;"(3,5)";0510;Biological and related sciences, not further definied;;02.02.2021;30.09.2021
TR ISTANBU64;Turcja;Istanbul University - Cerrahpaşa;W3;Chemiczny;true;;true;;false;;"(2,5)";0711;Chemical Engineering;;20.01.2022;30.09.2027
F VANNES04;Francja;Université Bretagne Sud;W3;Chemiczny;false;;true;;true;;"(2,12)";0510;Biological and related sciences;;19.07.2021;30.09.2022
IRL LIMERIC01;Irlandia;University of Limerick;W3;Chemiczny;false;;true;;true;;"(2,5)";0711;Chemical Engineering;;08.11.2021;30.09.2024
D BERLIN14;Niemcy;School of Engineering - Energy and Information;W7;Inżynierii Środowiska;true;;true;;false;;"(4,10)";0521;Environmental Sciences;;03.01.2022;30.09.2027
D BERLIN14;Niemcy;School of Engineering - Energy and Information;W8N;Zarządzania;true;;true;;false;;"(4,10)";0413;Management and administration;;03.01.2022;30.09.2027
TR ISTANBU10;Turcja;Istanbul Ticaret University;W11;Podstawowych Problemów Techniki;true;;false;;false;;"(2,5)";0713;Electrical Engineering;;22.12.2021;30.09.2023
I CASSINO01;Włochy;Universita Degli Studi di Cassino e del Mazio Meridionale;W8N;Zarządzania;true;;true;;false;;"(2,5)";0340;Business and Administration;;09.02.2022;30.09.2027
E VALENCI02;Hiszpania;UNIVERSITAT POLIT?CNICA DE VALENCIA;W8N;Zarządzania;true;;true;;false;;"(2,5)";0340;Business and Administration;;09.02.2022;30.09.2027
E VALENCI02;Hiszpania;UNIVERSITAT POLIT?CNICA DE VALENCIA;W9;Mechaniczno-Energetyczny;false;;true;;false;;"(2,5)";0715;Mechanics and metal trades;;09.02.2022;30.09.2027